entity_type,entity_id,customer_id,business_id,individual_id,emirates_id_number,customer_segment,customer_status,customer_created_date
RETAIL,R2001,R2001,,,784-1981-2000001-8,RETAIL,ACTIVE,2021-01-18
RETAIL,R3001,R3001,,,784 1982 2000002 6,RETAIL,ACTIVE,2021-02-04
RETAIL,R3002,R3002,,,784198320000034,RETAIL,ACTIVE,2021-02-21
RETAIL,R3003,R3003,,,784-1984-2000004-2,RETAIL,ACTIVE,2021-03-10
RETAIL,R3004,R3004,,,784 1985 2000005 0,RETAIL,ACTIVE,2021-03-27
RETAIL,R3005,R3005,,,784198620000068,RETAIL,ACTIVE,2021-04-13
RETAIL,R3006,R3006,,,784-1987-2000007-6,RETAIL,ACTIVE,2021-04-30
RETAIL,R3007,R3007,,,784 1988 2000008 4,RETAIL,ACTIVE,2021-05-17
RETAIL,R3008,R3008,,,784198920000092,RETAIL,ACTIVE,2021-06-03
RETAIL,R3009,R3009,,,784-1990-2000010-0,RETAIL,ACTIVE,2021-06-20
RETAIL,R3010,R3010,,,784 1991 2000011 8,RETAIL,ACTIVE,2021-07-07
RETAIL,R3011,R3011,,,784199220000126,RETAIL,ACTIVE,2021-07-24
RETAIL,R3012,R3012,,,784-1993-2000013-4,RETAIL,ACTIVE,2021-08-10
RETAIL,R3013,R3013,,,784 1994 2000014 2,RETAIL,ACTIVE,2021-08-27
RETAIL,R3014,R3014,,,784199520000150,RETAIL,ACTIVE,2021-09-13
RETAIL,R3015,R3015,,,784-1996-2000016-8,RETAIL,ACTIVE,2021-09-30
RETAIL,R3016,R3016,,,784 1997 2000017 6,RETAIL,ACTIVE,2021-10-17
RETAIL,R3017,R3017,,,784199820000184,RETAIL,ACTIVE,2021-11-03
RETAIL,R3018,R3018,,,784-1999-2000019-2,RETAIL,ACTIVE,2021-11-20
RETAIL,R3019,R3019,,,784 2000 2000020 0,RETAIL,ACTIVE,2021-12-07
RETAIL,R3020,R3020,,,784200120000218,RETAIL,ACTIVE,2021-12-24
RETAIL,R3021,R3021,,,784-2002-2000022-6,RETAIL,ACTIVE,2022-01-10
RETAIL,R3022,R3022,,,784 2003 2000023 4,RETAIL,ACTIVE,2022-01-27
RETAIL,R3023,R3023,,,784200420000242,RETAIL,ACTIVE,2022-02-13
RETAIL,R3024,R3024,,,784-1980-2000025-5,RETAIL,ACTIVE,2022-03-02
RETAIL,R3025,R3025,,,784 1981 2000026 3,RETAIL,ACTIVE,2022-03-19
RETAIL,R3026,R3026,,,784198220000271,RETAIL,ACTIVE,2022-04-05
RETAIL,R3027,R3027,,,784-1983-2000028-9,RETAIL,ACTIVE,2022-04-22
RETAIL,R3028,R3028,,,784 1984 2000029 7,RETAIL,ACTIVE,2022-05-09
RETAIL,R3029,R3029,,,784198520000305,RETAIL,ACTIVE,2022-05-26
RETAIL,R3030,R3030,,,784-1986-2000031-3,RETAIL,ACTIVE,2022-06-12
RETAIL,R3031,R3031,,,784 1987 2000032 1,RETAIL,ACTIVE,2022-06-29
RETAIL,R3032,R3032,,,784198820000339,RETAIL,ACTIVE,2022-07-16
RETAIL,R3033,R3033,,,784-1989-2000034-7,RETAIL,ACTIVE,2022-08-02
RETAIL,R3034,R3034,,,784 1990 2000035 5,RETAIL,ACTIVE,2022-08-19
RETAIL,R3035,R3035,,,784199120000363,RETAIL,ACTIVE,2022-09-05
RETAIL,R3036,R3036,,,784-1992-2000037-1,RETAIL,ACTIVE,2022-09-22
RETAIL,R3037,R3037,,,784 1993 2000038 9,RETAIL,ACTIVE,2022-10-09
RETAIL,R3038,R3038,,,784199420000397,RETAIL,ACTIVE,2022-10-26
RETAIL,R3039,R3039,,,784-1995-2000040-5,RETAIL,ACTIVE,2022-11-12
RETAIL,R3040,R3040,,,784 1996 2000041 3,RETAIL,ACTIVE,2022-11-29
RETAIL,R3041,R3041,,,784199720000421,RETAIL,ACTIVE,2022-12-16
RETAIL,R3042,R3042,,,784-1998-2000043-9,RETAIL,ACTIVE,2023-01-02
RETAIL,R3043,R3043,,,784 1999 2000044 7,RETAIL,ACTIVE,2023-01-19
RETAIL,R3044,R3044,,,784200020000455,RETAIL,ACTIVE,2023-02-05
RETAIL,R3045,R3045,,,784-2001-2000046-3,RETAIL,ACTIVE,2023-02-22
RETAIL,R3046,R3046,,,784 2002 2000047 1,RETAIL,ACTIVE,2023-03-11
RETAIL,R3047,R3047,,,784200320000489,RETAIL,ACTIVE,2023-03-28
RETAIL,R3048,R3048,,,784-2004-2000049-7,RETAIL,ACTIVE,2023-04-14
RETAIL,R3049,R3049,,,784 1980 2000050 0,RETAIL,ACTIVE,2023-05-01
RETAIL,R3050,R3050,,,784198120000518,RETAIL,ACTIVE,2023-05-18
RETAIL,R3051,R3051,,,784-1982-2000052-6,RETAIL,ACTIVE,2023-06-04
RETAIL,R3052,R3052,,,784 1983 2000053 4,RETAIL,ACTIVE,2023-06-21
RETAIL,R3053,R3053,,,784198420000542,RETAIL,ACTIVE,2023-07-08
RETAIL,R3054,R3054,,,784-1985-2000055-0,RETAIL,ACTIVE,2023-07-25
RETAIL,R3055,R3055,,,784 1986 2000056 8,RETAIL,ACTIVE,2023-08-11
RETAIL,R3056,R3056,,,784198720000576,RETAIL,ACTIVE,2023-08-28
RETAIL,R3057,R3057,,,784-1988-2000058-4,RETAIL,ACTIVE,2023-09-14
RETAIL,R3058,R3058,,,784 1989 2000059 2,RETAIL,ACTIVE,2023-10-01
RETAIL,R3059,R3059,,,784199020000600,RETAIL,ACTIVE,2023-10-18
RETAIL,R3060,R3060,,,784-1991-2000061-8,RETAIL,ACTIVE,2023-11-04
RETAIL,R3061,R3061,,,784 1992 2000062 6,RETAIL,ACTIVE,2023-11-21
RETAIL,R3062,R3062,,,784199320000634,RETAIL,ACTIVE,2023-12-08
RETAIL,R3063,R3063,,,784-1994-2000064-2,RETAIL,ACTIVE,2023-12-25
RETAIL,R3064,R3064,,,784 1995 2000065 0,RETAIL,ACTIVE,2024-01-11
RETAIL,R3065,R3065,,,784199620000668,RETAIL,ACTIVE,2024-01-28
RETAIL,R3066,R3066,,,784-1997-2000067-6,RETAIL,ACTIVE,2024-02-14
RETAIL,R3067,R3067,,,784 1998 2000068 4,RETAIL,ACTIVE,2024-03-02
RETAIL,R3068,R3068,,,784199920000692,RETAIL,ACTIVE,2024-03-19
RETAIL,R3069,R3069,,,784-2000-2000070-0,RETAIL,ACTIVE,2024-04-05
RETAIL,R3070,R3070,,,784 2001 2000071 8,RETAIL,ACTIVE,2024-04-22
RETAIL,R3071,R3071,,,784200220000726,RETAIL,ACTIVE,2024-05-09
RETAIL,R3072,R3072,,,784-2003-2000073-4,RETAIL,ACTIVE,2024-05-26
RETAIL,R3073,R3073,,,784 2004 2000074 2,RETAIL,ACTIVE,2021-01-09
RETAIL,R3074,R3074,,,784198020000755,RETAIL,ACTIVE,2021-01-26
RETAIL,R3075,R3075,,,784-1981-2000076-3,RETAIL,ACTIVE,2021-02-12
RETAIL,R3076,R3076,,,784 1982 2000077 1,RETAIL,ACTIVE,2021-03-01
RETAIL,R3077,R3077,,,784198320000789,RETAIL,ACTIVE,2021-03-18
RETAIL,R3078,R3078,,,784-1984-2000079-7,RETAIL,ACTIVE,2021-04-04
RETAIL,R3079,R3079,,,784 1985 2000080 5,RETAIL,ACTIVE,2021-04-21
RETAIL,R3080,R3080,,,784198620000813,RETAIL,ACTIVE,2021-05-08
RETAIL,R3081,R3081,,,784-1987-2000082-1,RETAIL,ACTIVE,2021-05-25
RETAIL,R3082,R3082,,,784 1988 2000083 9,RETAIL,ACTIVE,2021-06-11
RETAIL,R3083,R3083,,,784198920000847,RETAIL,ACTIVE,2021-06-28
RETAIL,R3084,R3084,,,784-1990-2000085-5,RETAIL,ACTIVE,2021-07-15
RETAIL,R3085,R3085,,,784 1991 2000086 3,RETAIL,ACTIVE,2021-08-01
RETAIL,R3086,R3086,,,784199220000871,RETAIL,ACTIVE,2021-08-18
RETAIL,R3087,R3087,,,784-1993-2000088-9,RETAIL,ACTIVE,2021-09-04
RETAIL,R3088,R3088,,,784 1994 2000089 7,RETAIL,ACTIVE,2021-09-21
RETAIL,R3089,R3089,,,784199520000905,RETAIL,ACTIVE,2021-10-08
RETAIL,R3090,R3090,,,784-1996-2000091-3,RETAIL,ACTIVE,2021-10-25
RETAIL,R3091,R3091,,,784 1997 2000092 1,RETAIL,ACTIVE,2021-11-11
RETAIL,R3092,R3092,,,784199820000939,RETAIL,ACTIVE,2021-11-28
RETAIL,R3093,R3093,,,784-1999-2000094-7,RETAIL,ACTIVE,2021-12-15
RETAIL,R3094,R3094,,,784 2000 2000095 5,RETAIL,ACTIVE,2022-01-01
RETAIL,R3095,R3095,,,784200120000963,RETAIL,ACTIVE,2022-01-18
RETAIL,R3096,R3096,,,784-2002-2000097-1,RETAIL,ACTIVE,2022-02-04
RETAIL,R3097,R3097,,,784 2003 2000098 9,RETAIL,ACTIVE,2022-02-21
RETAIL,R3098,R3098,,,784200420000997,RETAIL,ACTIVE,2022-03-10
RETAIL,R3099,R3099,,,784-1980-2000100-0,RETAIL,ACTIVE,2022-03-27
RETAIL,R3100,R3100,,,784 1981 2000101 8,RETAIL,ACTIVE,2022-04-13
RETAIL,R3101,R3101,,,784198220001026,RETAIL,ACTIVE,2022-04-30
RETAIL,R3102,R3102,,,784-1983-2000103-4,RETAIL,ACTIVE,2022-05-17
RETAIL,R3103,R3103,,,784 1984 2000104 2,RETAIL,ACTIVE,2022-06-03
RETAIL,R3104,R3104,,,784198520001050,RETAIL,ACTIVE,2022-06-20
RETAIL,R3105,R3105,,,784-1986-2000106-8,RETAIL,ACTIVE,2022-07-07
RETAIL,R3106,R3106,,,784 1987 2000107 6,RETAIL,ACTIVE,2022-07-24
RETAIL,R3107,R3107,,,784198820001084,RETAIL,ACTIVE,2022-08-10
RETAIL,R3108,R3108,,,784-1989-2000109-2,RETAIL,ACTIVE,2022-08-27
RETAIL,R3109,R3109,,,784 1990 2000110 0,RETAIL,ACTIVE,2022-09-13
RETAIL,R3110,R3110,,,784199120001118,RETAIL,ACTIVE,2022-09-30
RETAIL,R3111,R3111,,,784-1992-2000112-6,RETAIL,ACTIVE,2022-10-17
RETAIL,R3112,R3112,,,784 1993 2000113 4,RETAIL,ACTIVE,2022-11-03
RETAIL,R3113,R3113,,,784199420001142,RETAIL,ACTIVE,2022-11-20
RETAIL,R3114,R3114,,,784-1995-2000115-0,RETAIL,ACTIVE,2022-12-07
RETAIL,R3115,R3115,,,784 1996 2000116 8,RETAIL,ACTIVE,2022-12-24
RETAIL,R3116,R3116,,,784199720001176,RETAIL,ACTIVE,2023-01-10
RETAIL,R3117,R3117,,,784-1998-2000118-4,RETAIL,ACTIVE,2023-01-27
RETAIL,R3118,R3118,,,784 1999 2000119 2,RETAIL,ACTIVE,2023-02-13
RETAIL,R3119,R3119,,,784200020001200,RETAIL,ACTIVE,2023-03-02
RETAIL,R3120,R3120,,,784-2001-2000121-8,RETAIL,ACTIVE,2023-03-19
RETAIL,R3121,R3121,,,784 2002 2000122 6,RETAIL,ACTIVE,2023-04-05
RETAIL,R3122,R3122,,,784200320001234,RETAIL,ACTIVE,2023-04-22
RETAIL,R3123,R3123,,,784-2004-2000124-2,RETAIL,ACTIVE,2023-05-09
RETAIL,R3124,R3124,,,784 1980 2000125 5,RETAIL,ACTIVE,2023-05-26
RETAIL,R3125,R3125,,,784198120001263,RETAIL,ACTIVE,2023-06-12
RETAIL,R3126,R3126,,,784-1982-2000127-1,RETAIL,ACTIVE,2023-06-29
RETAIL,R3127,R3127,,,784 1983 2000128 9,RETAIL,ACTIVE,2023-07-16
RETAIL,R3128,R3128,,,784198420001297,RETAIL,ACTIVE,2023-08-02
RETAIL,R3129,R3129,,,784-1985-2000130-5,RETAIL,ACTIVE,2023-08-19
RETAIL,R3130,R3130,,,784 1986 2000131 3,RETAIL,ACTIVE,2023-09-05
RETAIL,R3131,R3131,,,784198720001321,RETAIL,ACTIVE,2023-09-22
RETAIL,R3132,R3132,,,784-1988-2000133-9,RETAIL,ACTIVE,2023-10-09
RETAIL,R3133,R3133,,,784 1989 2000134 7,RETAIL,ACTIVE,2023-10-26
RETAIL,R3134,R3134,,,784199020001355,RETAIL,ACTIVE,2023-11-12
RETAIL,R3135,R3135,,,784-1991-2000136-3,RETAIL,ACTIVE,2023-11-29
RETAIL,R3136,R3136,,,784 1992 2000137 1,RETAIL,ACTIVE,2023-12-16
RETAIL,R3137,R3137,,,784199320001389,RETAIL,ACTIVE,2024-01-02
RETAIL,R3138,R3138,,,784-1994-2000139-7,RETAIL,ACTIVE,2024-01-19
RETAIL,R3139,R3139,,,784 1995 2000140 5,RETAIL,ACTIVE,2024-02-05
RETAIL,R3140,R3140,,,784199620001413,RETAIL,ACTIVE,2024-02-22
RETAIL,R3141,R3141,,,784-1997-2000142-1,RETAIL,ACTIVE,2024-03-10
RETAIL,R3142,R3142,,,784 1998 2000143 9,RETAIL,ACTIVE,2024-03-27
RETAIL,R3143,R3143,,,784199920001447,RETAIL,ACTIVE,2024-04-13
RETAIL,R3144,R3144,,,784-2000-2000145-5,RETAIL,ACTIVE,2024-04-30
RETAIL,R3145,R3145,,,784 2001 2000146 3,RETAIL,ACTIVE,2024-05-17
RETAIL,R3146,R3146,,,784200220001471,RETAIL,ACTIVE,2024-06-03
RETAIL,R3147,R3147,,,784-2003-2000148-9,RETAIL,ACTIVE,2021-01-17
RETAIL,R3148,R3148,,,784 2004 2000149 7,RETAIL,ACTIVE,2021-02-03
RETAIL,R3149,R3149,,,784198020001500,RETAIL,ACTIVE,2021-02-20
RETAIL,R3150,R3150,,,784-1981-2000151-8,RETAIL,ACTIVE,2021-03-09
RETAIL,R3151,R3151,,,784 1982 2000152 6,RETAIL,ACTIVE,2021-03-26
RETAIL,R3152,R3152,,,784198320001534,RETAIL,ACTIVE,2021-04-12
RETAIL,R3153,R3153,,,784-1984-2000154-2,RETAIL,ACTIVE,2021-04-29
RETAIL,R3154,R3154,,,784 1985 2000155 0,RETAIL,ACTIVE,2021-05-16
RETAIL,R3155,R3155,,,784198620001568,RETAIL,ACTIVE,2021-06-02
RETAIL,R3156,R3156,,,784-1987-2000157-6,RETAIL,ACTIVE,2021-06-19
RETAIL,R3157,R3157,,,784 1988 2000158 4,RETAIL,ACTIVE,2021-07-06
RETAIL,R3158,R3158,,,784198920001592,RETAIL,ACTIVE,2021-07-23
RETAIL,R3159,R3159,,,784-1990-2000160-0,RETAIL,ACTIVE,2021-08-09
RETAIL,R3160,R3160,,,784 1991 2000161 8,RETAIL,ACTIVE,2021-08-26
RETAIL,R3161,R3161,,,784199220001626,RETAIL,ACTIVE,2021-09-12
RETAIL,R3162,R3162,,,784-1993-2000163-4,RETAIL,ACTIVE,2021-09-29
RETAIL,R3163,R3163,,,784 1994 2000164 2,RETAIL,ACTIVE,2021-10-16
RETAIL,R3164,R3164,,,784199520001650,RETAIL,ACTIVE,2021-11-02
RETAIL,R3165,R3165,,,784-1996-2000166-8,RETAIL,ACTIVE,2021-11-19
RETAIL,R3166,R3166,,,784 1997 2000167 6,RETAIL,ACTIVE,2021-12-06
RETAIL,R3167,R3167,,,784199820001684,RETAIL,ACTIVE,2021-12-23
RETAIL,R3168,R3168,,,784-1999-2000169-2,RETAIL,ACTIVE,2022-01-09
RETAIL,R3169,R3169,,,784 2000 2000170 0,RETAIL,ACTIVE,2022-01-26
RETAIL,R3170,R3170,,,784200120001718,RETAIL,ACTIVE,2022-02-12
RETAIL,R3171,R3171,,,784-2002-2000172-6,RETAIL,ACTIVE,2022-03-01
RETAIL,R3172,R3172,,,784 2003 2000173 4,RETAIL,ACTIVE,2022-03-18
RETAIL,R3173,R3173,,,784200420001742,RETAIL,ACTIVE,2022-04-04
RETAIL,R3174,R3174,,,784-1980-2000175-5,RETAIL,ACTIVE,2022-04-21
RETAIL,R3175,R3175,,,784 1981 2000176 3,RETAIL,ACTIVE,2022-05-08
RETAIL,R3176,R3176,,,784198220001771,RETAIL,ACTIVE,2022-05-25
RETAIL,R3177,R3177,,,784-1983-2000178-9,RETAIL,ACTIVE,2022-06-11
RETAIL,R3178,R3178,,,784 1984 2000179 7,RETAIL,ACTIVE,2022-06-28
RETAIL,R3179,R3179,,,784198520001805,RETAIL,ACTIVE,2022-07-15
RETAIL,R3180,R3180,,,784-1986-2000181-3,RETAIL,ACTIVE,2022-08-01
RETAIL,R3181,R3181,,,784 1987 2000182 1,RETAIL,ACTIVE,2022-08-18
RETAIL,R3182,R3182,,,784198820001839,RETAIL,ACTIVE,2022-09-04
RETAIL,R3183,R3183,,,784-1989-2000184-7,RETAIL,ACTIVE,2022-09-21
RETAIL,R3184,R3184,,,784 1990 2000185 5,RETAIL,ACTIVE,2022-10-08
RETAIL,R3185,R3185,,,784199120001863,RETAIL,ACTIVE,2022-10-25
RETAIL,R3186,R3186,,,784-1992-2000187-1,RETAIL,ACTIVE,2022-11-11
RETAIL,R3187,R3187,,,784 1993 2000188 9,RETAIL,ACTIVE,2022-11-28
RETAIL,R3188,R3188,,,784199420001897,RETAIL,ACTIVE,2022-12-15
RETAIL,R3189,R3189,,,784-1995-2000190-5,RETAIL,ACTIVE,2023-01-01
RETAIL,R3190,R3190,,,784 1996 2000191 3,RETAIL,ACTIVE,2023-01-18
RETAIL,R3191,R3191,,,784199720001921,RETAIL,ACTIVE,2023-02-04
RETAIL,R3192,R3192,,,784-1998-2000193-9,RETAIL,ACTIVE,2023-02-21
RETAIL,R3193,R3193,,,784 1999 2000194 7,RETAIL,ACTIVE,2023-03-10
RETAIL,R3194,R3194,,,784200020001955,RETAIL,ACTIVE,2023-03-27
RETAIL,R3195,R3195,,,784-2001-2000196-3,RETAIL,ACTIVE,2023-04-13
RETAIL,R3196,R3196,,,784 2002 2000197 1,RETAIL,ACTIVE,2023-04-30
RETAIL,R3197,R3197,,,784200320001989,RETAIL,ACTIVE,2023-05-17
RETAIL,R3198,R3198,,,784-2004-2000199-7,RETAIL,ACTIVE,2023-06-03
RETAIL,R3199,R3199,,,784 1980 2000200 0,RETAIL,ACTIVE,2023-06-20
RETAIL,R3200,R3200,,,784198120002018,RETAIL,ACTIVE,2023-07-07
RETAIL,R3201,R3201,,,784-1982-2000202-6,RETAIL,ACTIVE,2023-07-24
RETAIL,R3202,R3202,,,784 1983 2000203 4,RETAIL,ACTIVE,2023-08-10
RETAIL,R3203,R3203,,,784198420002042,RETAIL,ACTIVE,2023-08-27
RETAIL,R3204,R3204,,,784-1985-2000205-0,RETAIL,ACTIVE,2023-09-13
RETAIL,R3205,R3205,,,784 1986 2000206 8,RETAIL,ACTIVE,2023-09-30
RETAIL,R3206,R3206,,,784198720002076,RETAIL,ACTIVE,2023-10-17
RETAIL,R3207,R3207,,,784-1988-2000208-4,RETAIL,ACTIVE,2023-11-03
RETAIL,R3208,R3208,,,784 1989 2000209 2,RETAIL,ACTIVE,2023-11-20
RETAIL,R3209,R3209,,,784199020002100,RETAIL,ACTIVE,2023-12-07
RETAIL,R3210,R3210,,,784-1991-2000211-8,RETAIL,ACTIVE,2023-12-24
RETAIL,R3211,R3211,,,784 1992 2000212 6,RETAIL,ACTIVE,2024-01-10
RETAIL,R3212,R3212,,,784199320002134,RETAIL,ACTIVE,2024-01-27
RETAIL,R3213,R3213,,,784-1994-2000214-2,RETAIL,ACTIVE,2024-02-13
RETAIL,R3214,R3214,,,784 1995 2000215 0,RETAIL,ACTIVE,2024-03-01
RETAIL,R3215,R3215,,,784199620002168,RETAIL,ACTIVE,2024-03-18
RETAIL,R3216,R3216,,,784-1997-2000217-6,RETAIL,ACTIVE,2024-04-04
RETAIL,R3217,R3217,,,784 1998 2000218 4,RETAIL,ACTIVE,2024-04-21
RETAIL,R3218,R3218,,,784199920002192,RETAIL,ACTIVE,2024-05-08
RETAIL,R3219,R3219,,,784-2000-2000220-0,RETAIL,ACTIVE,2024-05-25
RETAIL,R3220,R3220,,,784 2001 2000221 8,RETAIL,ACTIVE,2021-01-08
RETAIL,R3221,R3221,,,784200220002226,RETAIL,ACTIVE,2021-01-25
RETAIL,R3222,R3222,,,784-2003-2000223-4,RETAIL,ACTIVE,2021-02-11
RETAIL,R3223,R3223,,,784 2004 2000224 2,RETAIL,ACTIVE,2021-02-28
RETAIL,R3224,R3224,,,784198020002255,RETAIL,ACTIVE,2021-03-17
RETAIL,R3225,R3225,,,784-1981-2000226-3,RETAIL,ACTIVE,2021-04-03
RETAIL,R3226,R3226,,,784 1982 2000227 1,RETAIL,ACTIVE,2021-04-20
RETAIL,R3227,R3227,,,784198320002289,RETAIL,ACTIVE,2021-05-07
RETAIL,R3228,R3228,,,784-1984-2000229-7,RETAIL,ACTIVE,2021-05-24
RETAIL,R3229,R3229,,,784 1985 2000230 5,RETAIL,ACTIVE,2021-06-10
RETAIL,R3230,R3230,,,784198620002313,RETAIL,ACTIVE,2021-06-27
RETAIL,R3231,R3231,,,784-1987-2000232-1,RETAIL,ACTIVE,2021-07-14
RETAIL,R3232,R3232,,,784 1988 2000233 9,RETAIL,ACTIVE,2021-07-31
RETAIL,R3233,R3233,,,784198920002347,RETAIL,ACTIVE,2021-08-17
RETAIL,R3234,R3234,,,784-1990-2000235-5,RETAIL,ACTIVE,2021-09-03
RETAIL,R3235,R3235,,,784 1991 2000236 3,RETAIL,ACTIVE,2021-09-20
RETAIL,R3236,R3236,,,784199220002371,RETAIL,ACTIVE,2021-10-07
RETAIL,R3237,R3237,,,784-1993-2000238-9,RETAIL,ACTIVE,2021-10-24
RETAIL,R3238,R3238,,,784 1994 2000239 7,RETAIL,ACTIVE,2021-11-10
RETAIL,R3239,R3239,,,784199520002405,RETAIL,ACTIVE,2021-11-27
RETAIL,R3240,R3240,,,784-1996-2000241-3,RETAIL,ACTIVE,2021-12-14
RETAIL,R3241,R3241,,,784 1997 2000242 1,RETAIL,ACTIVE,2021-12-31
RETAIL,R3242,R3242,,,784199820002439,RETAIL,ACTIVE,2022-01-17
RETAIL,R3243,R3243,,,784-1999-2000244-7,RETAIL,ACTIVE,2022-02-03
RETAIL,R3244,R3244,,,784 2000 2000245 5,RETAIL,ACTIVE,2022-02-20
RETAIL,R3245,R3245,,,784200120002463,RETAIL,ACTIVE,2022-03-09
RETAIL,R3246,R3246,,,784-2002-2000247-1,RETAIL,ACTIVE,2022-03-26
RETAIL,R3247,R3247,,,784 2003 2000248 9,RETAIL,ACTIVE,2022-04-12
RETAIL,R3248,R3248,,,784200420002497,RETAIL,ACTIVE,2022-04-29
RETAIL,R3249,R3249,,,784-1980-2000250-0,RETAIL,ACTIVE,2022-05-16
RETAIL,R3250,R3250,,,784 1981 2000251 8,RETAIL,ACTIVE,2022-06-02
RETAIL,R3251,R3251,,,784198220002526,RETAIL,ACTIVE,2022-06-19
RETAIL,R3252,R3252,,,784-1983-2000253-4,RETAIL,ACTIVE,2022-07-06
RETAIL,R3253,R3253,,,784 1984 2000254 2,RETAIL,ACTIVE,2022-07-23
RETAIL,R3254,R3254,,,784198520002550,RETAIL,ACTIVE,2022-08-09
RETAIL,R3255,R3255,,,784-1986-2000256-8,RETAIL,ACTIVE,2022-08-26
RETAIL,R3256,R3256,,,784 1987 2000257 6,RETAIL,ACTIVE,2022-09-12
RETAIL,R3257,R3257,,,784198820002584,RETAIL,ACTIVE,2022-09-29
RETAIL,R3258,R3258,,,784-1989-2000259-2,RETAIL,ACTIVE,2022-10-16
RETAIL,R3259,R3259,,,784 1990 2000260 0,RETAIL,ACTIVE,2022-11-02
RETAIL,R3260,R3260,,,784199120002618,RETAIL,ACTIVE,2022-11-19
RETAIL,R3261,R3261,,,784-1992-2000262-6,RETAIL,ACTIVE,2022-12-06
RETAIL,R3262,R3262,,,784 1993 2000263 4,RETAIL,ACTIVE,2022-12-23
RETAIL,R3263,R3263,,,784199420002642,RETAIL,ACTIVE,2023-01-09
RETAIL,R3264,R3264,,,784-1995-2000265-0,RETAIL,ACTIVE,2023-01-26
RETAIL,R3265,R3265,,,784 1996 2000266 8,RETAIL,ACTIVE,2023-02-12
RETAIL,R3266,R3266,,,784199720002676,RETAIL,ACTIVE,2023-03-01
RETAIL,R3267,R3267,,,784-1998-2000268-4,RETAIL,ACTIVE,2023-03-18
RETAIL,R3268,R3268,,,784 1999 2000269 2,RETAIL,ACTIVE,2023-04-04
RETAIL,R3269,R3269,,,784200020002700,RETAIL,ACTIVE,2023-04-21
RETAIL,R3270,R3270,,,784-2001-2000271-8,RETAIL,ACTIVE,2023-05-08
RETAIL,R3271,R3271,,,784 2002 2000272 6,RETAIL,ACTIVE,2023-05-25
RETAIL,R3272,R3272,,,784200320002734,RETAIL,ACTIVE,2023-06-11
RETAIL,R3273,R3273,,,784-2004-2000274-2,RETAIL,ACTIVE,2023-06-28
RETAIL,R3274,R3274,,,784 1980 2000275 5,RETAIL,ACTIVE,2023-07-15
RETAIL,R3275,R3275,,,784198120002763,RETAIL,ACTIVE,2023-08-01
RETAIL,R3276,R3276,,,784-1982-2000277-1,RETAIL,ACTIVE,2023-08-18
RETAIL,R3277,R3277,,,784 1983 2000278 9,RETAIL,ACTIVE,2023-09-04
RETAIL,R3278,R3278,,,784198420002797,RETAIL,ACTIVE,2023-09-21
RETAIL,R3279,R3279,,,784-1985-2000280-5,RETAIL,ACTIVE,2023-10-08
RETAIL,R3280,R3280,,,784 1986 2000281 3,RETAIL,ACTIVE,2023-10-25
RETAIL,R3281,R3281,,,784198720002821,RETAIL,ACTIVE,2023-11-11
RETAIL,R3282,R3282,,,784-1988-2000283-9,RETAIL,ACTIVE,2023-11-28
RETAIL,R3283,R3283,,,784 1989 2000284 7,RETAIL,ACTIVE,2023-12-15
RETAIL,R3284,R3284,,,784199020002855,RETAIL,ACTIVE,2024-01-01
RETAIL,R3285,R3285,,,784-1991-2000286-3,RETAIL,ACTIVE,2024-01-18
RETAIL,R3286,R3286,,,784 1992 2000287 1,RETAIL,ACTIVE,2024-02-04
RETAIL,R3287,R3287,,,784199320002889,RETAIL,ACTIVE,2024-02-21
RETAIL,R3288,R3288,,,784-1994-2000289-7,RETAIL,ACTIVE,2024-03-09
RETAIL,R3289,R3289,,,784 1995 2000290 5,RETAIL,ACTIVE,2024-03-26
RETAIL,R3290,R3290,,,784199620002913,RETAIL,ACTIVE,2024-04-12
RETAIL,R3291,R3291,,,784-1997-2000292-1,RETAIL,ACTIVE,2024-04-29
RETAIL,R3292,R3292,,,784 1998 2000293 9,RETAIL,ACTIVE,2024-05-16
RETAIL,R3293,R3293,,,784199920002947,RETAIL,ACTIVE,2024-06-02
RETAIL,R3294,R3294,,,784-2000-2000295-5,RETAIL,ACTIVE,2021-01-16
RETAIL,R3295,R3295,,,784 2001 2000296 3,RETAIL,ACTIVE,2021-02-02
RETAIL,R3296,R3296,,,784200220002971,RETAIL,ACTIVE,2021-02-19
RETAIL,R3297,R3297,,,784-2003-2000298-9,RETAIL,ACTIVE,2021-03-08
RETAIL,R3298,R3298,,,784 2004 2000299 7,RETAIL,ACTIVE,2021-03-25
RETAIL,R3299,R3299,,,784198020003000,RETAIL,ACTIVE,2021-04-11
RETAIL,R3300,R3300,,,784-1981-2000301-8,RETAIL,ACTIVE,2021-04-28
RETAIL,R3301,R3301,,,784 1982 2000302 6,RETAIL,ACTIVE,2021-05-15
RETAIL,R3302,R3302,,,784198320003034,RETAIL,ACTIVE,2021-06-01
RETAIL,R3303,R3303,,,784-1984-2000304-2,RETAIL,ACTIVE,2021-06-18
RETAIL,R3304,R3304,,,784 1985 2000305 0,RETAIL,ACTIVE,2021-07-05
RETAIL,R3305,R3305,,,784198620003068,RETAIL,ACTIVE,2021-07-22
RETAIL,R3306,R3306,,,784-1987-2000307-6,RETAIL,ACTIVE,2021-08-08
RETAIL,R3307,R3307,,,784 1988 2000308 4,RETAIL,ACTIVE,2021-08-25
RETAIL,R3308,R3308,,,784198920003092,RETAIL,ACTIVE,2021-09-11
RETAIL,R3309,R3309,,,784-1990-2000310-0,RETAIL,ACTIVE,2021-09-28
RETAIL,R3310,R3310,,,784 1991 2000311 8,RETAIL,ACTIVE,2021-10-15
RETAIL,R3311,R3311,,,784199220003126,RETAIL,ACTIVE,2021-11-01
RETAIL,R3312,R3312,,,784-1993-2000313-4,RETAIL,ACTIVE,2021-11-18
RETAIL,R3313,R3313,,,784 1994 2000314 2,RETAIL,ACTIVE,2021-12-05
RETAIL,R3314,R3314,,,784199520003150,RETAIL,ACTIVE,2021-12-22
RETAIL,R3315,R3315,,,784-1996-2000316-8,RETAIL,ACTIVE,2022-01-08
RETAIL,R3316,R3316,,,784 1997 2000317 6,RETAIL,ACTIVE,2022-01-25
RETAIL,R3317,R3317,,,784199820003184,RETAIL,ACTIVE,2022-02-11
RETAIL,R3318,R3318,,,784-1999-2000319-2,RETAIL,ACTIVE,2022-02-28
RETAIL,R3319,R3319,,,784 2000 2000320 0,RETAIL,ACTIVE,2022-03-17
RETAIL,R3320,R3320,,,784200120003218,RETAIL,ACTIVE,2022-04-03
RETAIL,R3321,R3321,,,784-2002-2000322-6,RETAIL,ACTIVE,2022-04-20
RETAIL,R3322,R3322,,,784 2003 2000323 4,RETAIL,ACTIVE,2022-05-07
RETAIL,R3323,R3323,,,784200420003242,RETAIL,ACTIVE,2022-05-24
RETAIL,R3324,R3324,,,784-1980-2000325-5,RETAIL,ACTIVE,2022-06-10
RETAIL,R3325,R3325,,,784 1981 2000326 3,RETAIL,ACTIVE,2022-06-27
RETAIL,R3326,R3326,,,784198220003271,RETAIL,ACTIVE,2022-07-14
RETAIL,R3327,R3327,,,784-1983-2000328-9,RETAIL,ACTIVE,2022-07-31
RETAIL,R3328,R3328,,,784 1984 2000329 7,RETAIL,ACTIVE,2022-08-17
RETAIL,R3329,R3329,,,784198520003305,RETAIL,ACTIVE,2022-09-03
RETAIL,R3330,R3330,,,784-1986-2000331-3,RETAIL,ACTIVE,2022-09-20
RETAIL,R3331,R3331,,,784 1987 2000332 1,RETAIL,ACTIVE,2022-10-07
RETAIL,R3332,R3332,,,784198820003339,RETAIL,ACTIVE,2022-10-24
RETAIL,R3333,R3333,,,784-1989-2000334-7,RETAIL,ACTIVE,2022-11-10
RETAIL,R3334,R3334,,,784 1990 2000335 5,RETAIL,ACTIVE,2022-11-27
RETAIL,R3335,R3335,,,784199120003363,RETAIL,ACTIVE,2022-12-14
RETAIL,R3336,R3336,,,784-1992-2000337-1,RETAIL,ACTIVE,2022-12-31
RETAIL,R3337,R3337,,,784 1993 2000338 9,RETAIL,ACTIVE,2023-01-17
RETAIL,R3338,R3338,,,784199420003397,RETAIL,ACTIVE,2023-02-03
RETAIL,R3339,R3339,,,784-1995-2000340-5,RETAIL,ACTIVE,2023-02-20
RETAIL,R3340,R3340,,,784 1996 2000341 3,RETAIL,ACTIVE,2023-03-09
RETAIL,R3341,R3341,,,784199720003421,RETAIL,ACTIVE,2023-03-26
RETAIL,R3342,R3342,,,784-1998-2000343-9,RETAIL,ACTIVE,2023-04-12
RETAIL,R3343,R3343,,,784 1999 2000344 7,RETAIL,ACTIVE,2023-04-29
RETAIL,R3344,R3344,,,784200020003455,RETAIL,ACTIVE,2023-05-16
RETAIL,R3345,R3345,,,784-2001-2000346-3,RETAIL,ACTIVE,2023-06-02
RETAIL,R3346,R3346,,,784 2002 2000347 1,RETAIL,ACTIVE,2023-06-19
RETAIL,R3347,R3347,,,784200320003489,RETAIL,ACTIVE,2023-07-06
RETAIL,R3348,R3348,,,784-2004-2000349-7,RETAIL,ACTIVE,2023-07-23
RETAIL,R3349,R3349,,,784 1980 2000350 0,RETAIL,ACTIVE,2023-08-09
RETAIL,R3350,R3350,,,784198120003518,RETAIL,ACTIVE,2023-08-26
RETAIL,R3351,R3351,,,784-1982-2000352-6,RETAIL,ACTIVE,2023-09-12
RETAIL,R3352,R3352,,,784 1983 2000353 4,RETAIL,ACTIVE,2023-09-29
RETAIL,R3353,R3353,,,784198420003542,RETAIL,ACTIVE,2023-10-16
RETAIL,R3354,R3354,,,784-1985-2000355-0,RETAIL,ACTIVE,2023-11-02
RETAIL,R3355,R3355,,,784 1986 2000356 8,RETAIL,ACTIVE,2023-11-19
RETAIL,R3356,R3356,,,784198720003576,RETAIL,ACTIVE,2023-12-06
RETAIL,R3357,R3357,,,784-1988-2000358-4,RETAIL,ACTIVE,2023-12-23
RETAIL,R3358,R3358,,,784 1989 2000359 2,RETAIL,ACTIVE,2024-01-09
RETAIL,R3359,R3359,,,784199020003600,RETAIL,ACTIVE,2024-01-26
RETAIL,R3360,R3360,,,784-1991-2000361-8,RETAIL,ACTIVE,2024-02-12
RETAIL,R3361,R3361,,,784 1992 2000362 6,RETAIL,ACTIVE,2024-02-29
RETAIL,R3362,R3362,,,784199320003634,RETAIL,ACTIVE,2024-03-17
RETAIL,R3363,R3363,,,784-1994-2000364-2,RETAIL,ACTIVE,2024-04-03
RETAIL,R3364,R3364,,,784 1995 2000365 0,RETAIL,ACTIVE,2024-04-20
RETAIL,R3365,R3365,,,784199620003668,RETAIL,ACTIVE,2024-05-07
RETAIL,R3366,R3366,,,784-1997-2000367-6,RETAIL,ACTIVE,2024-05-24
RETAIL,R3367,R3367,,,784 1998 2000368 4,RETAIL,ACTIVE,2021-01-07
RETAIL,R3368,R3368,,,784199920003692,RETAIL,ACTIVE,2021-01-24
RETAIL,R3369,R3369,,,784-2000-2000370-0,RETAIL,ACTIVE,2021-02-10
RETAIL,R3370,R3370,,,784 2001 2000371 8,RETAIL,ACTIVE,2021-02-27
RETAIL,R3371,R3371,,,784200220003726,RETAIL,ACTIVE,2021-03-16
RETAIL,R3372,R3372,,,784-2003-2000373-4,RETAIL,ACTIVE,2021-04-02
RETAIL,R3373,R3373,,,784 2004 2000374 2,RETAIL,ACTIVE,2021-04-19
RETAIL,R3374,R3374,,,784198020003755,RETAIL,ACTIVE,2021-05-06
RETAIL,R3375,R3375,,,784-1981-2000376-3,RETAIL,ACTIVE,2021-05-23
RETAIL,R3376,R3376,,,784 1982 2000377 1,RETAIL,ACTIVE,2021-06-09
RETAIL,R3377,R3377,,,784198320003789,RETAIL,ACTIVE,2021-06-26
RETAIL,R3378,R3378,,,784-1984-2000379-7,RETAIL,ACTIVE,2021-07-13
RETAIL,R3379,R3379,,,784 1985 2000380 5,RETAIL,ACTIVE,2021-07-30
RETAIL,R3380,R3380,,,784198620003813,RETAIL,ACTIVE,2021-08-16
RETAIL,R3381,R3381,,,784-1987-2000382-1,RETAIL,ACTIVE,2021-09-02
RETAIL,R3382,R3382,,,784 1988 2000383 9,RETAIL,ACTIVE,2021-09-19
RETAIL,R3383,R3383,,,784198920003847,RETAIL,ACTIVE,2021-10-06
RETAIL,R3384,R3384,,,784-1990-2000385-5,RETAIL,ACTIVE,2021-10-23
RETAIL,R3385,R3385,,,784 1991 2000386 3,RETAIL,ACTIVE,2021-11-09
RETAIL,R3386,R3386,,,784199220003871,RETAIL,ACTIVE,2021-11-26
RETAIL,R3387,R3387,,,784-1993-2000388-9,RETAIL,ACTIVE,2021-12-13
RETAIL,R3388,R3388,,,784 1994 2000389 7,RETAIL,ACTIVE,2021-12-30
RETAIL,R3389,R3389,,,784199520003905,RETAIL,ACTIVE,2022-01-16
RETAIL,R3390,R3390,,,784-1996-2000391-3,RETAIL,ACTIVE,2022-02-02
RETAIL,R3391,R3391,,,784 1997 2000392 1,RETAIL,ACTIVE,2022-02-19
RETAIL,R3392,R3392,,,784199820003939,RETAIL,ACTIVE,2022-03-08
RETAIL,R3393,R3393,,,784-1999-2000394-7,RETAIL,ACTIVE,2022-03-25
RETAIL,R3394,R3394,,,784 2000 2000395 5,RETAIL,ACTIVE,2022-04-11
RETAIL,R3395,R3395,,,784200120003963,RETAIL,ACTIVE,2022-04-28
RETAIL,R3396,R3396,,,784-2002-2000397-1,RETAIL,ACTIVE,2022-05-15
RETAIL,R3397,R3397,,,784 2003 2000398 9,RETAIL,ACTIVE,2022-06-01
RETAIL,R3398,R3398,,,784200420003997,RETAIL,ACTIVE,2022-06-18
RETAIL,R3399,R3399,,,784-1980-2000400-0,RETAIL,ACTIVE,2022-07-05
RETAIL,R3400,R3400,,,784 1981 2000401 8,RETAIL,ACTIVE,2022-07-22
RETAIL,R3401,R3401,,,784198220004026,RETAIL,ACTIVE,2022-08-08
RETAIL,R3402,R3402,,,784-1983-2000403-4,RETAIL,ACTIVE,2022-08-25
RETAIL,R3403,R3403,,,784 1984 2000404 2,RETAIL,ACTIVE,2022-09-11
RETAIL,R3404,R3404,,,784198520004050,RETAIL,ACTIVE,2022-09-28
RETAIL,R3405,R3405,,,784-1986-2000406-8,RETAIL,ACTIVE,2022-10-15
RETAIL,R3406,R3406,,,784 1987 2000407 6,RETAIL,ACTIVE,2022-11-01
RETAIL,R3407,R3407,,,784198820004084,RETAIL,ACTIVE,2022-11-18
RETAIL,R3408,R3408,,,784-1989-2000409-2,RETAIL,ACTIVE,2022-12-05
RETAIL,R3409,R3409,,,784 1990 2000410 0,RETAIL,ACTIVE,2022-12-22
RETAIL,R3410,R3410,,,784199120004118,RETAIL,ACTIVE,2023-01-08
RETAIL,R3411,R3411,,,784-1992-2000412-6,RETAIL,ACTIVE,2023-01-25
RETAIL,R3412,R3412,,,784 1993 2000413 4,RETAIL,ACTIVE,2023-02-11
RETAIL,R3413,R3413,,,784199420004142,RETAIL,ACTIVE,2023-02-28
RETAIL,R3414,R3414,,,784-1995-2000415-0,RETAIL,ACTIVE,2023-03-17
RETAIL,R3415,R3415,,,784 1996 2000416 8,RETAIL,ACTIVE,2023-04-03
RETAIL,R3416,R3416,,,784199720004176,RETAIL,ACTIVE,2023-04-20
RETAIL,R3417,R3417,,,784-1998-2000418-4,RETAIL,ACTIVE,2023-05-07
RETAIL,R3418,R3418,,,784 1999 2000419 2,RETAIL,ACTIVE,2023-05-24
RETAIL,R3419,R3419,,,784200020004200,RETAIL,ACTIVE,2023-06-10
RETAIL,R3420,R3420,,,784-2001-2000421-8,RETAIL,ACTIVE,2023-06-27
RETAIL,R3421,R3421,,,784 2002 2000422 6,RETAIL,ACTIVE,2023-07-14
RETAIL,R3422,R3422,,,784200320004234,RETAIL,ACTIVE,2023-07-31
RETAIL,R3423,R3423,,,784-2004-2000424-2,RETAIL,ACTIVE,2023-08-17
RETAIL,R3424,R3424,,,784 1980 2000425 5,RETAIL,ACTIVE,2023-09-03
RETAIL,R3425,R3425,,,784198120004263,RETAIL,ACTIVE,2023-09-20
RETAIL,R3426,R3426,,,784-1982-2000427-1,RETAIL,ACTIVE,2023-10-07
RETAIL,R3427,R3427,,,784 1983 2000428 9,RETAIL,ACTIVE,2023-10-24
RETAIL,R3428,R3428,,,784198420004297,RETAIL,ACTIVE,2023-11-10
RETAIL,R3429,R3429,,,784-1985-2000430-5,RETAIL,ACTIVE,2023-11-27
RETAIL,R3430,R3430,,,784 1986 2000431 3,RETAIL,ACTIVE,2023-12-14
RETAIL,R3431,R3431,,,784198720004321,RETAIL,ACTIVE,2023-12-31
RETAIL,R3432,R3432,,,784-1988-2000433-9,RETAIL,ACTIVE,2024-01-17
RETAIL,R3433,R3433,,,784 1989 2000434 7,RETAIL,ACTIVE,2024-02-03
RETAIL,R3434,R3434,,,784199020004355,RETAIL,ACTIVE,2024-02-20
RETAIL,R3435,R3435,,,784-1991-2000436-3,RETAIL,ACTIVE,2024-03-08
RETAIL,R3436,R3436,,,784 1992 2000437 1,RETAIL,ACTIVE,2024-03-25
RETAIL,R3437,R3437,,,784199320004389,RETAIL,ACTIVE,2024-04-11
RETAIL,R3438,R3438,,,784-1994-2000439-7,RETAIL,ACTIVE,2024-04-28
RETAIL,R3439,R3439,,,784 1995 2000440 5,RETAIL,ACTIVE,2024-05-15
RETAIL,R3440,R3440,,,784199620004413,RETAIL,ACTIVE,2024-06-01
RETAIL,R3441,R3441,,,784-1997-2000442-1,RETAIL,ACTIVE,2021-01-15
RETAIL,R3442,R3442,,,784 1998 2000443 9,RETAIL,ACTIVE,2021-02-01
RETAIL,R3443,R3443,,,784199920004447,RETAIL,ACTIVE,2021-02-18
RETAIL,R3444,R3444,,,784-2000-2000445-5,RETAIL,ACTIVE,2021-03-07
RETAIL,R3445,R3445,,,784 2001 2000446 3,RETAIL,ACTIVE,2021-03-24
RETAIL,R3446,R3446,,,784200220004471,RETAIL,ACTIVE,2021-04-10
RETAIL,R3447,R3447,,,784-2003-2000448-9,RETAIL,ACTIVE,2021-04-27
RETAIL,R3448,R3448,,,784 2004 2000449 7,RETAIL,ACTIVE,2021-05-14
RETAIL,R3449,R3449,,,784198020004500,RETAIL,ACTIVE,2021-05-31
RETAIL,R3450,R3450,,,784-1981-2000451-8,RETAIL,ACTIVE,2021-06-17
SME,B4001,B4001,B4001,IND-S2-00452,784 1982 2000452 6,SME,ACTIVE,2021-07-04
SME,B4002,B4002,B4002,IND-S2-00453,784198320004534,SME,ACTIVE,2021-07-21
SME,B4003,B4003,B4003,IND-S2-00454,784-1984-2000454-2,SME,ACTIVE,2021-08-07
SME,B4004,B4004,B4004,IND-S2-00455,784 1985 2000455 0,SME,ACTIVE,2021-08-24
SME,B4005,B4005,B4005,IND-S2-00456,784198620004568,SME,ACTIVE,2021-09-10
SME,B4006,B4006,B4006,IND-S2-00457,784-1987-2000457-6,SME,ACTIVE,2021-09-27
SME,B4007,B4007,B4007,IND-S2-00458,784 1988 2000458 4,SME,ACTIVE,2021-10-14
SME,B4008,B4008,B4008,IND-S2-00459,784198920004592,SME,ACTIVE,2021-10-31
SME,B4009,B4009,B4009,IND-S2-00460,784-1990-2000460-0,SME,ACTIVE,2021-11-17
SME,B4010,B4010,B4010,IND-S2-00461,784 1991 2000461 8,SME,ACTIVE,2021-12-04
SME,B4011,B4011,B4011,IND-S2-00462,784199220004626,SME,ACTIVE,2021-12-21
SME,B4012,B4012,B4012,IND-S2-00463,784-1993-2000463-4,SME,ACTIVE,2022-01-07
SME,B4013,B4013,B4013,IND-S2-00464,784 1994 2000464 2,SME,ACTIVE,2022-01-24
SME,B4014,B4014,B4014,IND-S2-00465,784199520004650,SME,ACTIVE,2022-02-10
SME,B4015,B4015,B4015,IND-S2-00466,784-1996-2000466-8,SME,ACTIVE,2022-02-27
SME,B4016,B4016,B4016,IND-S2-00467,784 1997 2000467 6,SME,ACTIVE,2022-03-16
SME,B4017,B4017,B4017,IND-S2-00468,784199820004684,SME,ACTIVE,2022-04-02
SME,B4018,B4018,B4018,IND-S2-00469,784-1999-2000469-2,SME,ACTIVE,2022-04-19
SME,B4019,B4019,B4019,IND-S2-00470,784 2000 2000470 0,SME,ACTIVE,2022-05-06
SME,B4020,B4020,B4020,IND-S2-00471,784200120004718,SME,ACTIVE,2022-05-23
SME,B4021,B4021,B4021,IND-S2-00472,784-2002-2000472-6,SME,ACTIVE,2022-06-09
SME,B4022,B4022,B4022,IND-S2-00473,784 2003 2000473 4,SME,ACTIVE,2022-06-26
SME,B4023,B4023,B4023,IND-S2-00474,784200420004742,SME,ACTIVE,2022-07-13
SME,B4024,B4024,B4024,IND-S2-00475,784-1980-2000475-5,SME,ACTIVE,2022-07-30
SME,B4025,B4025,B4025,IND-S2-00476,784 1981 2000476 3,SME,ACTIVE,2022-08-16
SME,B4026,B4026,B4026,IND-S2-00477,784198220004771,SME,ACTIVE,2022-09-02
SME,B4027,B4027,B4027,IND-S2-00478,784-1983-2000478-9,SME,ACTIVE,2022-09-19
SME,B4028,B4028,B4028,IND-S2-00479,784 1984 2000479 7,SME,ACTIVE,2022-10-06
SME,B4029,B4029,B4029,IND-S2-00480,784198520004805,SME,ACTIVE,2022-10-23
SME,B4030,B4030,B4030,IND-S2-00481,784-1986-2000481-3,SME,ACTIVE,2022-11-09
SME,B4031,B4031,B4031,IND-S2-00482,784 1987 2000482 1,SME,ACTIVE,2022-11-26
SME,B4032,B4032,B4032,IND-S2-00483,784198820004839,SME,ACTIVE,2022-12-13
SME,B4033,B4033,B4033,IND-S2-00484,784-1989-2000484-7,SME,ACTIVE,2022-12-30
SME,B4034,B4034,B4034,IND-S2-00485,784 1990 2000485 5,SME,ACTIVE,2023-01-16
SME,B4035,B4035,B4035,IND-S2-00486,784199120004863,SME,ACTIVE,2023-02-02
SME,B4036,B4036,B4036,IND-S2-00487,784-1992-2000487-1,SME,ACTIVE,2023-02-19
SME,B4037,B4037,B4037,IND-S2-00488,784 1993 2000488 9,SME,ACTIVE,2023-03-08
SME,B4038,B4038,B4038,IND-S2-00489,784199420004897,SME,ACTIVE,2023-03-25
SME,B4039,B4039,B4039,IND-S2-00490,784-1995-2000490-5,SME,ACTIVE,2023-04-11
SME,B4040,B4040,B4040,IND-S2-00491,784 1996 2000491 3,SME,ACTIVE,2023-04-28
SME,B4041,B4041,B4041,IND-S2-00492,784199720004921,SME,ACTIVE,2023-05-15
SME,B4042,B4042,B4042,IND-S2-00493,784-1998-2000493-9,SME,ACTIVE,2023-06-01
SME,B4043,B4043,B4043,IND-S2-00494,784 1999 2000494 7,SME,ACTIVE,2023-06-18
SME,B4044,B4044,B4044,IND-S2-00495,784200020004955,SME,ACTIVE,2023-07-05
SME,B4045,B4045,B4045,IND-S2-00496,784-2001-2000496-3,SME,ACTIVE,2023-07-22
SME,B4046,B4046,B4046,IND-S2-00497,784 2002 2000497 1,SME,ACTIVE,2023-08-08
SME,B4047,B4047,B4047,IND-S2-00498,784200320004989,SME,ACTIVE,2023-08-25
SME,B4048,B4048,B4048,IND-S2-00499,784-2004-2000499-7,SME,ACTIVE,2023-09-11
SME,B4049,B4049,B4049,IND-S2-00500,784 1980 2000500 0,SME,ACTIVE,2023-09-28
SME,B4050,B4050,B4050,IND-S2-00501,784198120005018,SME,ACTIVE,2023-10-15
