account_id,customer_id,entity_type,account_number,iban,account_currency,account_status,account_opened_date,account_closed_date
ACC-R2001-001,R2001,RETAIL,220000000001,AE070330000220000000001,AED,ACTIVE,2021-01-18,
ACC-R3001-001,R3001,RETAIL,220000000002,AE070330000220000000002,AED,ACTIVE,2021-02-04,
ACC-R3002-001,R3002,RETAIL,220000000003,AE070330000220000000003,AED,ACTIVE,2021-02-21,
ACC-R3003-001,R3003,RETAIL,220000000004,AE070330000220000000004,AED,ACTIVE,2021-03-10,
ACC-R3004-001,R3004,RETAIL,220000000005,AE070330000220000000005,AED,ACTIVE,2021-03-27,
ACC-R3005-001,R3005,RETAIL,220000000006,AE070330000220000000006,AED,ACTIVE,2021-04-13,
ACC-R3006-001,R3006,RETAIL,220000000007,AE070330000220000000007,AED,ACTIVE,2021-04-30,
ACC-R3007-001,R3007,RETAIL,220000000008,AE070330000220000000008,AED,ACTIVE,2021-05-17,
ACC-R3008-001,R3008,RETAIL,220000000009,AE070330000220000000009,AED,ACTIVE,2021-06-03,
ACC-R3009-001,R3009,RETAIL,220000000010,AE070330000220000000010,AED,ACTIVE,2021-06-20,
ACC-R3010-001,R3010,RETAIL,220000000011,AE070330000220000000011,AED,ACTIVE,2021-07-07,
ACC-R3011-001,R3011,RETAIL,220000000012,AE070330000220000000012,AED,ACTIVE,2021-07-24,
ACC-R3012-001,R3012,RETAIL,220000000013,AE070330000220000000013,AED,ACTIVE,2021-08-10,
ACC-R3013-001,R3013,RETAIL,220000000014,AE070330000220000000014,AED,ACTIVE,2021-08-27,
ACC-R3014-001,R3014,RETAIL,220000000015,AE070330000220000000015,AED,ACTIVE,2021-09-13,
ACC-R3015-001,R3015,RETAIL,220000000016,AE070330000220000000016,AED,ACTIVE,2021-09-30,
ACC-R3016-001,R3016,RETAIL,220000000017,AE070330000220000000017,AED,ACTIVE,2021-10-17,
ACC-R3017-001,R3017,RETAIL,220000000018,AE070330000220000000018,AED,ACTIVE,2021-11-03,
ACC-R3018-001,R3018,RETAIL,220000000019,AE070330000220000000019,AED,ACTIVE,2021-11-20,
ACC-R3019-001,R3019,RETAIL,220000000020,AE070330000220000000020,AED,ACTIVE,2021-12-07,
ACC-R3020-001,R3020,RETAIL,220000000021,AE070330000220000000021,AED,ACTIVE,2021-12-24,
ACC-R3021-001,R3021,RETAIL,220000000022,AE070330000220000000022,AED,ACTIVE,2022-01-10,
ACC-R3022-001,R3022,RETAIL,220000000023,AE070330000220000000023,AED,ACTIVE,2022-01-27,
ACC-R3023-001,R3023,RETAIL,220000000024,AE070330000220000000024,AED,ACTIVE,2022-02-13,
ACC-R3024-001,R3024,RETAIL,220000000025,AE070330000220000000025,AED,ACTIVE,2022-03-02,
ACC-R3025-001,R3025,RETAIL,220000000026,AE070330000220000000026,AED,ACTIVE,2022-03-19,
ACC-R3026-001,R3026,RETAIL,220000000027,AE070330000220000000027,AED,ACTIVE,2022-04-05,
ACC-R3027-001,R3027,RETAIL,220000000028,AE070330000220000000028,AED,ACTIVE,2022-04-22,
ACC-R3028-001,R3028,RETAIL,220000000029,AE070330000220000000029,AED,ACTIVE,2022-05-09,
ACC-R3029-001,R3029,RETAIL,220000000030,AE070330000220000000030,AED,ACTIVE,2022-05-26,
ACC-R3030-001,R3030,RETAIL,220000000031,AE070330000220000000031,AED,ACTIVE,2022-06-12,
ACC-R3031-001,R3031,RETAIL,220000000032,AE070330000220000000032,AED,ACTIVE,2022-06-29,
ACC-R3032-001,R3032,RETAIL,220000000033,AE070330000220000000033,AED,ACTIVE,2022-07-16,
ACC-R3033-001,R3033,RETAIL,220000000034,AE070330000220000000034,AED,ACTIVE,2022-08-02,
ACC-R3034-001,R3034,RETAIL,220000000035,AE070330000220000000035,AED,ACTIVE,2022-08-19,
ACC-R3035-001,R3035,RETAIL,220000000036,AE070330000220000000036,AED,ACTIVE,2022-09-05,
ACC-R3036-001,R3036,RETAIL,220000000037,AE070330000220000000037,AED,ACTIVE,2022-09-22,
ACC-R3037-001,R3037,RETAIL,220000000038,AE070330000220000000038,AED,ACTIVE,2022-10-09,
ACC-R3038-001,R3038,RETAIL,220000000039,AE070330000220000000039,AED,ACTIVE,2022-10-26,
ACC-R3039-001,R3039,RETAIL,220000000040,AE070330000220000000040,AED,ACTIVE,2022-11-12,
ACC-R3040-001,R3040,RETAIL,220000000041,AE070330000220000000041,AED,ACTIVE,2022-11-29,
ACC-R3041-001,R3041,RETAIL,220000000042,AE070330000220000000042,AED,ACTIVE,2022-12-16,
ACC-R3042-001,R3042,RETAIL,220000000043,AE070330000220000000043,AED,ACTIVE,2023-01-02,
ACC-R3043-001,R3043,RETAIL,220000000044,AE070330000220000000044,AED,ACTIVE,2023-01-19,
ACC-R3044-001,R3044,RETAIL,220000000045,AE070330000220000000045,AED,ACTIVE,2023-02-05,
ACC-R3045-001,R3045,RETAIL,220000000046,AE070330000220000000046,AED,ACTIVE,2023-02-22,
ACC-R3046-001,R3046,RETAIL,220000000047,AE070330000220000000047,AED,ACTIVE,2023-03-11,
ACC-R3047-001,R3047,RETAIL,220000000048,AE070330000220000000048,AED,ACTIVE,2023-03-28,
ACC-R3048-001,R3048,RETAIL,220000000049,AE070330000220000000049,AED,ACTIVE,2023-04-14,
ACC-R3049-001,R3049,RETAIL,220000000050,AE070330000220000000050,AED,ACTIVE,2023-05-01,
ACC-R3050-001,R3050,RETAIL,220000000051,AE070330000220000000051,AED,ACTIVE,2023-05-18,
ACC-R3051-001,R3051,RETAIL,220000000052,AE070330000220000000052,AED,ACTIVE,2023-06-04,
ACC-R3052-001,R3052,RETAIL,220000000053,AE070330000220000000053,AED,ACTIVE,2023-06-21,
ACC-R3053-001,R3053,RETAIL,220000000054,AE070330000220000000054,AED,ACTIVE,2023-07-08,
ACC-R3054-001,R3054,RETAIL,220000000055,AE070330000220000000055,AED,ACTIVE,2023-07-25,
ACC-R3055-001,R3055,RETAIL,220000000056,AE070330000220000000056,AED,ACTIVE,2023-08-11,
ACC-R3056-001,R3056,RETAIL,220000000057,AE070330000220000000057,AED,ACTIVE,2023-08-28,
ACC-R3057-001,R3057,RETAIL,220000000058,AE070330000220000000058,AED,ACTIVE,2023-09-14,
ACC-R3058-001,R3058,RETAIL,220000000059,AE070330000220000000059,AED,ACTIVE,2023-10-01,
ACC-R3059-001,R3059,RETAIL,220000000060,AE070330000220000000060,AED,ACTIVE,2023-10-18,
ACC-R3060-001,R3060,RETAIL,220000000061,AE070330000220000000061,AED,ACTIVE,2023-11-04,
ACC-R3061-001,R3061,RETAIL,220000000062,AE070330000220000000062,AED,ACTIVE,2023-11-21,
ACC-R3062-001,R3062,RETAIL,220000000063,AE070330000220000000063,AED,ACTIVE,2023-12-08,
ACC-R3063-001,R3063,RETAIL,220000000064,AE070330000220000000064,AED,ACTIVE,2023-12-25,
ACC-R3064-001,R3064,RETAIL,220000000065,AE070330000220000000065,AED,ACTIVE,2024-01-11,
ACC-R3065-001,R3065,RETAIL,220000000066,AE070330000220000000066,AED,ACTIVE,2024-01-28,
ACC-R3066-001,R3066,RETAIL,220000000067,AE070330000220000000067,AED,ACTIVE,2024-02-14,
ACC-R3067-001,R3067,RETAIL,220000000068,AE070330000220000000068,AED,ACTIVE,2024-03-02,
ACC-R3068-001,R3068,RETAIL,220000000069,AE070330000220000000069,AED,ACTIVE,2024-03-19,
ACC-R3069-001,R3069,RETAIL,220000000070,AE070330000220000000070,AED,ACTIVE,2024-04-05,
ACC-R3070-001,R3070,RETAIL,220000000071,AE070330000220000000071,AED,ACTIVE,2024-04-22,
ACC-R3071-001,R3071,RETAIL,220000000072,AE070330000220000000072,AED,ACTIVE,2024-05-09,
ACC-R3072-001,R3072,RETAIL,220000000073,AE070330000220000000073,AED,ACTIVE,2024-05-26,
ACC-R3073-001,R3073,RETAIL,220000000074,AE070330000220000000074,AED,ACTIVE,2021-01-09,
ACC-R3074-001,R3074,RETAIL,220000000075,AE070330000220000000075,AED,ACTIVE,2021-01-26,
ACC-R3075-001,R3075,RETAIL,220000000076,AE070330000220000000076,AED,ACTIVE,2021-02-12,
ACC-R3076-001,R3076,RETAIL,220000000077,AE070330000220000000077,AED,ACTIVE,2021-03-01,
ACC-R3077-001,R3077,RETAIL,220000000078,AE070330000220000000078,AED,ACTIVE,2021-03-18,
ACC-R3078-001,R3078,RETAIL,220000000079,AE070330000220000000079,AED,ACTIVE,2021-04-04,
ACC-R3079-001,R3079,RETAIL,220000000080,AE070330000220000000080,AED,ACTIVE,2021-04-21,
ACC-R3080-001,R3080,RETAIL,220000000081,AE070330000220000000081,AED,ACTIVE,2021-05-08,
ACC-R3081-001,R3081,RETAIL,220000000082,AE070330000220000000082,AED,ACTIVE,2021-05-25,
ACC-R3082-001,R3082,RETAIL,220000000083,AE070330000220000000083,AED,ACTIVE,2021-06-11,
ACC-R3083-001,R3083,RETAIL,220000000084,AE070330000220000000084,AED,ACTIVE,2021-06-28,
ACC-R3084-001,R3084,RETAIL,220000000085,AE070330000220000000085,AED,ACTIVE,2021-07-15,
ACC-R3085-001,R3085,RETAIL,220000000086,AE070330000220000000086,AED,ACTIVE,2021-08-01,
ACC-R3086-001,R3086,RETAIL,220000000087,AE070330000220000000087,AED,ACTIVE,2021-08-18,
ACC-R3087-001,R3087,RETAIL,220000000088,AE070330000220000000088,AED,ACTIVE,2021-09-04,
ACC-R3088-001,R3088,RETAIL,220000000089,AE070330000220000000089,AED,ACTIVE,2021-09-21,
ACC-R3089-001,R3089,RETAIL,220000000090,AE070330000220000000090,AED,ACTIVE,2021-10-08,
ACC-R3090-001,R3090,RETAIL,220000000091,AE070330000220000000091,AED,ACTIVE,2021-10-25,
ACC-R3091-001,R3091,RETAIL,220000000092,AE070330000220000000092,AED,ACTIVE,2021-11-11,
ACC-R3092-001,R3092,RETAIL,220000000093,AE070330000220000000093,AED,ACTIVE,2021-11-28,
ACC-R3093-001,R3093,RETAIL,220000000094,AE070330000220000000094,AED,ACTIVE,2021-12-15,
ACC-R3094-001,R3094,RETAIL,220000000095,AE070330000220000000095,AED,ACTIVE,2022-01-01,
ACC-R3095-001,R3095,RETAIL,220000000096,AE070330000220000000096,AED,ACTIVE,2022-01-18,
ACC-R3096-001,R3096,RETAIL,220000000097,AE070330000220000000097,AED,ACTIVE,2022-02-04,
ACC-R3097-001,R3097,RETAIL,220000000098,AE070330000220000000098,AED,ACTIVE,2022-02-21,
ACC-R3098-001,R3098,RETAIL,220000000099,AE070330000220000000099,AED,ACTIVE,2022-03-10,
ACC-R3099-001,R3099,RETAIL,220000000100,AE070330000220000000100,AED,ACTIVE,2022-03-27,
ACC-R3100-001,R3100,RETAIL,220000000101,AE070330000220000000101,AED,ACTIVE,2022-04-13,
ACC-R3101-001,R3101,RETAIL,220000000102,AE070330000220000000102,AED,ACTIVE,2022-04-30,
ACC-R3102-001,R3102,RETAIL,220000000103,AE070330000220000000103,AED,ACTIVE,2022-05-17,
ACC-R3103-001,R3103,RETAIL,220000000104,AE070330000220000000104,AED,ACTIVE,2022-06-03,
ACC-R3104-001,R3104,RETAIL,220000000105,AE070330000220000000105,AED,ACTIVE,2022-06-20,
ACC-R3105-001,R3105,RETAIL,220000000106,AE070330000220000000106,AED,ACTIVE,2022-07-07,
ACC-R3106-001,R3106,RETAIL,220000000107,AE070330000220000000107,AED,ACTIVE,2022-07-24,
ACC-R3107-001,R3107,RETAIL,220000000108,AE070330000220000000108,AED,ACTIVE,2022-08-10,
ACC-R3108-001,R3108,RETAIL,220000000109,AE070330000220000000109,AED,ACTIVE,2022-08-27,
ACC-R3109-001,R3109,RETAIL,220000000110,AE070330000220000000110,AED,ACTIVE,2022-09-13,
ACC-R3110-001,R3110,RETAIL,220000000111,AE070330000220000000111,AED,ACTIVE,2022-09-30,
ACC-R3111-001,R3111,RETAIL,220000000112,AE070330000220000000112,AED,ACTIVE,2022-10-17,
ACC-R3112-001,R3112,RETAIL,220000000113,AE070330000220000000113,AED,ACTIVE,2022-11-03,
ACC-R3113-001,R3113,RETAIL,220000000114,AE070330000220000000114,AED,ACTIVE,2022-11-20,
ACC-R3114-001,R3114,RETAIL,220000000115,AE070330000220000000115,AED,ACTIVE,2022-12-07,
ACC-R3115-001,R3115,RETAIL,220000000116,AE070330000220000000116,AED,ACTIVE,2022-12-24,
ACC-R3116-001,R3116,RETAIL,220000000117,AE070330000220000000117,AED,ACTIVE,2023-01-10,
ACC-R3117-001,R3117,RETAIL,220000000118,AE070330000220000000118,AED,ACTIVE,2023-01-27,
ACC-R3118-001,R3118,RETAIL,220000000119,AE070330000220000000119,AED,ACTIVE,2023-02-13,
ACC-R3119-001,R3119,RETAIL,220000000120,AE070330000220000000120,AED,ACTIVE,2023-03-02,
ACC-R3120-001,R3120,RETAIL,220000000121,AE070330000220000000121,AED,ACTIVE,2023-03-19,
ACC-R3121-001,R3121,RETAIL,220000000122,AE070330000220000000122,AED,ACTIVE,2023-04-05,
ACC-R3122-001,R3122,RETAIL,220000000123,AE070330000220000000123,AED,ACTIVE,2023-04-22,
ACC-R3123-001,R3123,RETAIL,220000000124,AE070330000220000000124,AED,ACTIVE,2023-05-09,
ACC-R3124-001,R3124,RETAIL,220000000125,AE070330000220000000125,AED,ACTIVE,2023-05-26,
ACC-R3125-001,R3125,RETAIL,220000000126,AE070330000220000000126,AED,ACTIVE,2023-06-12,
ACC-R3126-001,R3126,RETAIL,220000000127,AE070330000220000000127,AED,ACTIVE,2023-06-29,
ACC-R3127-001,R3127,RETAIL,220000000128,AE070330000220000000128,AED,ACTIVE,2023-07-16,
ACC-R3128-001,R3128,RETAIL,220000000129,AE070330000220000000129,AED,ACTIVE,2023-08-02,
ACC-R3129-001,R3129,RETAIL,220000000130,AE070330000220000000130,AED,ACTIVE,2023-08-19,
ACC-R3130-001,R3130,RETAIL,220000000131,AE070330000220000000131,AED,ACTIVE,2023-09-05,
ACC-R3131-001,R3131,RETAIL,220000000132,AE070330000220000000132,AED,ACTIVE,2023-09-22,
ACC-R3132-001,R3132,RETAIL,220000000133,AE070330000220000000133,AED,ACTIVE,2023-10-09,
ACC-R3133-001,R3133,RETAIL,220000000134,AE070330000220000000134,AED,ACTIVE,2023-10-26,
ACC-R3134-001,R3134,RETAIL,220000000135,AE070330000220000000135,AED,ACTIVE,2023-11-12,
ACC-R3135-001,R3135,RETAIL,220000000136,AE070330000220000000136,AED,ACTIVE,2023-11-29,
ACC-R3136-001,R3136,RETAIL,220000000137,AE070330000220000000137,AED,ACTIVE,2023-12-16,
ACC-R3137-001,R3137,RETAIL,220000000138,AE070330000220000000138,AED,ACTIVE,2024-01-02,
ACC-R3138-001,R3138,RETAIL,220000000139,AE070330000220000000139,AED,ACTIVE,2024-01-19,
ACC-R3139-001,R3139,RETAIL,220000000140,AE070330000220000000140,AED,ACTIVE,2024-02-05,
ACC-R3140-001,R3140,RETAIL,220000000141,AE070330000220000000141,AED,ACTIVE,2024-02-22,
ACC-R3141-001,R3141,RETAIL,220000000142,AE070330000220000000142,AED,ACTIVE,2024-03-10,
ACC-R3142-001,R3142,RETAIL,220000000143,AE070330000220000000143,AED,ACTIVE,2024-03-27,
ACC-R3143-001,R3143,RETAIL,220000000144,AE070330000220000000144,AED,ACTIVE,2024-04-13,
ACC-R3144-001,R3144,RETAIL,220000000145,AE070330000220000000145,AED,ACTIVE,2024-04-30,
ACC-R3145-001,R3145,RETAIL,220000000146,AE070330000220000000146,AED,ACTIVE,2024-05-17,
ACC-R3146-001,R3146,RETAIL,220000000147,AE070330000220000000147,AED,ACTIVE,2024-06-03,
ACC-R3147-001,R3147,RETAIL,220000000148,AE070330000220000000148,AED,ACTIVE,2021-01-17,
ACC-R3148-001,R3148,RETAIL,220000000149,AE070330000220000000149,AED,ACTIVE,2021-02-03,
ACC-R3149-001,R3149,RETAIL,220000000150,AE070330000220000000150,AED,ACTIVE,2021-02-20,
ACC-R3150-001,R3150,RETAIL,220000000151,AE070330000220000000151,AED,ACTIVE,2021-03-09,
ACC-R3151-001,R3151,RETAIL,220000000152,AE070330000220000000152,AED,ACTIVE,2021-03-26,
ACC-R3152-001,R3152,RETAIL,220000000153,AE070330000220000000153,AED,ACTIVE,2021-04-12,
ACC-R3153-001,R3153,RETAIL,220000000154,AE070330000220000000154,AED,ACTIVE,2021-04-29,
ACC-R3154-001,R3154,RETAIL,220000000155,AE070330000220000000155,AED,ACTIVE,2021-05-16,
ACC-R3155-001,R3155,RETAIL,220000000156,AE070330000220000000156,AED,ACTIVE,2021-06-02,
ACC-R3156-001,R3156,RETAIL,220000000157,AE070330000220000000157,AED,ACTIVE,2021-06-19,
ACC-R3157-001,R3157,RETAIL,220000000158,AE070330000220000000158,AED,ACTIVE,2021-07-06,
ACC-R3158-001,R3158,RETAIL,220000000159,AE070330000220000000159,AED,ACTIVE,2021-07-23,
ACC-R3159-001,R3159,RETAIL,220000000160,AE070330000220000000160,AED,ACTIVE,2021-08-09,
ACC-R3160-001,R3160,RETAIL,220000000161,AE070330000220000000161,AED,ACTIVE,2021-08-26,
ACC-R3161-001,R3161,RETAIL,220000000162,AE070330000220000000162,AED,ACTIVE,2021-09-12,
ACC-R3162-001,R3162,RETAIL,220000000163,AE070330000220000000163,AED,ACTIVE,2021-09-29,
ACC-R3163-001,R3163,RETAIL,220000000164,AE070330000220000000164,AED,ACTIVE,2021-10-16,
ACC-R3164-001,R3164,RETAIL,220000000165,AE070330000220000000165,AED,ACTIVE,2021-11-02,
ACC-R3165-001,R3165,RETAIL,220000000166,AE070330000220000000166,AED,ACTIVE,2021-11-19,
ACC-R3166-001,R3166,RETAIL,220000000167,AE070330000220000000167,AED,ACTIVE,2021-12-06,
ACC-R3167-001,R3167,RETAIL,220000000168,AE070330000220000000168,AED,ACTIVE,2021-12-23,
ACC-R3168-001,R3168,RETAIL,220000000169,AE070330000220000000169,AED,ACTIVE,2022-01-09,
ACC-R3169-001,R3169,RETAIL,220000000170,AE070330000220000000170,AED,ACTIVE,2022-01-26,
ACC-R3170-001,R3170,RETAIL,220000000171,AE070330000220000000171,AED,ACTIVE,2022-02-12,
ACC-R3171-001,R3171,RETAIL,220000000172,AE070330000220000000172,AED,ACTIVE,2022-03-01,
ACC-R3172-001,R3172,RETAIL,220000000173,AE070330000220000000173,AED,ACTIVE,2022-03-18,
ACC-R3173-001,R3173,RETAIL,220000000174,AE070330000220000000174,AED,ACTIVE,2022-04-04,
ACC-R3174-001,R3174,RETAIL,220000000175,AE070330000220000000175,AED,ACTIVE,2022-04-21,
ACC-R3175-001,R3175,RETAIL,220000000176,AE070330000220000000176,AED,ACTIVE,2022-05-08,
ACC-R3176-001,R3176,RETAIL,220000000177,AE070330000220000000177,AED,ACTIVE,2022-05-25,
ACC-R3177-001,R3177,RETAIL,220000000178,AE070330000220000000178,AED,ACTIVE,2022-06-11,
ACC-R3178-001,R3178,RETAIL,220000000179,AE070330000220000000179,AED,ACTIVE,2022-06-28,
ACC-R3179-001,R3179,RETAIL,220000000180,AE070330000220000000180,AED,ACTIVE,2022-07-15,
ACC-R3180-001,R3180,RETAIL,220000000181,AE070330000220000000181,AED,ACTIVE,2022-08-01,
ACC-R3181-001,R3181,RETAIL,220000000182,AE070330000220000000182,AED,ACTIVE,2022-08-18,
ACC-R3182-001,R3182,RETAIL,220000000183,AE070330000220000000183,AED,ACTIVE,2022-09-04,
ACC-R3183-001,R3183,RETAIL,220000000184,AE070330000220000000184,AED,ACTIVE,2022-09-21,
ACC-R3184-001,R3184,RETAIL,220000000185,AE070330000220000000185,AED,ACTIVE,2022-10-08,
ACC-R3185-001,R3185,RETAIL,220000000186,AE070330000220000000186,AED,ACTIVE,2022-10-25,
ACC-R3186-001,R3186,RETAIL,220000000187,AE070330000220000000187,AED,ACTIVE,2022-11-11,
ACC-R3187-001,R3187,RETAIL,220000000188,AE070330000220000000188,AED,ACTIVE,2022-11-28,
ACC-R3188-001,R3188,RETAIL,220000000189,AE070330000220000000189,AED,ACTIVE,2022-12-15,
ACC-R3189-001,R3189,RETAIL,220000000190,AE070330000220000000190,AED,ACTIVE,2023-01-01,
ACC-R3190-001,R3190,RETAIL,220000000191,AE070330000220000000191,AED,ACTIVE,2023-01-18,
ACC-R3191-001,R3191,RETAIL,220000000192,AE070330000220000000192,AED,ACTIVE,2023-02-04,
ACC-R3192-001,R3192,RETAIL,220000000193,AE070330000220000000193,AED,ACTIVE,2023-02-21,
ACC-R3193-001,R3193,RETAIL,220000000194,AE070330000220000000194,AED,ACTIVE,2023-03-10,
ACC-R3194-001,R3194,RETAIL,220000000195,AE070330000220000000195,AED,ACTIVE,2023-03-27,
ACC-R3195-001,R3195,RETAIL,220000000196,AE070330000220000000196,AED,ACTIVE,2023-04-13,
ACC-R3196-001,R3196,RETAIL,220000000197,AE070330000220000000197,AED,ACTIVE,2023-04-30,
ACC-R3197-001,R3197,RETAIL,220000000198,AE070330000220000000198,AED,ACTIVE,2023-05-17,
ACC-R3198-001,R3198,RETAIL,220000000199,AE070330000220000000199,AED,ACTIVE,2023-06-03,
ACC-R3199-001,R3199,RETAIL,220000000200,AE070330000220000000200,AED,ACTIVE,2023-06-20,
ACC-R3200-001,R3200,RETAIL,220000000201,AE070330000220000000201,AED,ACTIVE,2023-07-07,
ACC-R3201-001,R3201,RETAIL,220000000202,AE070330000220000000202,AED,ACTIVE,2023-07-24,
ACC-R3202-001,R3202,RETAIL,220000000203,AE070330000220000000203,AED,ACTIVE,2023-08-10,
ACC-R3203-001,R3203,RETAIL,220000000204,AE070330000220000000204,AED,ACTIVE,2023-08-27,
ACC-R3204-001,R3204,RETAIL,220000000205,AE070330000220000000205,AED,ACTIVE,2023-09-13,
ACC-R3205-001,R3205,RETAIL,220000000206,AE070330000220000000206,AED,ACTIVE,2023-09-30,
ACC-R3206-001,R3206,RETAIL,220000000207,AE070330000220000000207,AED,ACTIVE,2023-10-17,
ACC-R3207-001,R3207,RETAIL,220000000208,AE070330000220000000208,AED,ACTIVE,2023-11-03,
ACC-R3208-001,R3208,RETAIL,220000000209,AE070330000220000000209,AED,ACTIVE,2023-11-20,
ACC-R3209-001,R3209,RETAIL,220000000210,AE070330000220000000210,AED,ACTIVE,2023-12-07,
ACC-R3210-001,R3210,RETAIL,220000000211,AE070330000220000000211,AED,ACTIVE,2023-12-24,
ACC-R3211-001,R3211,RETAIL,220000000212,AE070330000220000000212,AED,ACTIVE,2024-01-10,
ACC-R3212-001,R3212,RETAIL,220000000213,AE070330000220000000213,AED,ACTIVE,2024-01-27,
ACC-R3213-001,R3213,RETAIL,220000000214,AE070330000220000000214,AED,ACTIVE,2024-02-13,
ACC-R3214-001,R3214,RETAIL,220000000215,AE070330000220000000215,AED,ACTIVE,2024-03-01,
ACC-R3215-001,R3215,RETAIL,220000000216,AE070330000220000000216,AED,ACTIVE,2024-03-18,
ACC-R3216-001,R3216,RETAIL,220000000217,AE070330000220000000217,AED,ACTIVE,2024-04-04,
ACC-R3217-001,R3217,RETAIL,220000000218,AE070330000220000000218,AED,ACTIVE,2024-04-21,
ACC-R3218-001,R3218,RETAIL,220000000219,AE070330000220000000219,AED,ACTIVE,2024-05-08,
ACC-R3219-001,R3219,RETAIL,220000000220,AE070330000220000000220,AED,ACTIVE,2024-05-25,
ACC-R3220-001,R3220,RETAIL,220000000221,AE070330000220000000221,AED,ACTIVE,2021-01-08,
ACC-R3221-001,R3221,RETAIL,220000000222,AE070330000220000000222,AED,ACTIVE,2021-01-25,
ACC-R3222-001,R3222,RETAIL,220000000223,AE070330000220000000223,AED,ACTIVE,2021-02-11,
ACC-R3223-001,R3223,RETAIL,220000000224,AE070330000220000000224,AED,ACTIVE,2021-02-28,
ACC-R3224-001,R3224,RETAIL,220000000225,AE070330000220000000225,AED,ACTIVE,2021-03-17,
ACC-R3225-001,R3225,RETAIL,220000000226,AE070330000220000000226,AED,ACTIVE,2021-04-03,
ACC-R3226-001,R3226,RETAIL,220000000227,AE070330000220000000227,AED,ACTIVE,2021-04-20,
ACC-R3227-001,R3227,RETAIL,220000000228,AE070330000220000000228,AED,ACTIVE,2021-05-07,
ACC-R3228-001,R3228,RETAIL,220000000229,AE070330000220000000229,AED,ACTIVE,2021-05-24,
ACC-R3229-001,R3229,RETAIL,220000000230,AE070330000220000000230,AED,ACTIVE,2021-06-10,
ACC-R3230-001,R3230,RETAIL,220000000231,AE070330000220000000231,AED,ACTIVE,2021-06-27,
ACC-R3231-001,R3231,RETAIL,220000000232,AE070330000220000000232,AED,ACTIVE,2021-07-14,
ACC-R3232-001,R3232,RETAIL,220000000233,AE070330000220000000233,AED,ACTIVE,2021-07-31,
ACC-R3233-001,R3233,RETAIL,220000000234,AE070330000220000000234,AED,ACTIVE,2021-08-17,
ACC-R3234-001,R3234,RETAIL,220000000235,AE070330000220000000235,AED,ACTIVE,2021-09-03,
ACC-R3235-001,R3235,RETAIL,220000000236,AE070330000220000000236,AED,ACTIVE,2021-09-20,
ACC-R3236-001,R3236,RETAIL,220000000237,AE070330000220000000237,AED,ACTIVE,2021-10-07,
ACC-R3237-001,R3237,RETAIL,220000000238,AE070330000220000000238,AED,ACTIVE,2021-10-24,
ACC-R3238-001,R3238,RETAIL,220000000239,AE070330000220000000239,AED,ACTIVE,2021-11-10,
ACC-R3239-001,R3239,RETAIL,220000000240,AE070330000220000000240,AED,ACTIVE,2021-11-27,
ACC-R3240-001,R3240,RETAIL,220000000241,AE070330000220000000241,AED,ACTIVE,2021-12-14,
ACC-R3241-001,R3241,RETAIL,220000000242,AE070330000220000000242,AED,ACTIVE,2021-12-31,
ACC-R3242-001,R3242,RETAIL,220000000243,AE070330000220000000243,AED,ACTIVE,2022-01-17,
ACC-R3243-001,R3243,RETAIL,220000000244,AE070330000220000000244,AED,ACTIVE,2022-02-03,
ACC-R3244-001,R3244,RETAIL,220000000245,AE070330000220000000245,AED,ACTIVE,2022-02-20,
ACC-R3245-001,R3245,RETAIL,220000000246,AE070330000220000000246,AED,ACTIVE,2022-03-09,
ACC-R3246-001,R3246,RETAIL,220000000247,AE070330000220000000247,AED,ACTIVE,2022-03-26,
ACC-R3247-001,R3247,RETAIL,220000000248,AE070330000220000000248,AED,ACTIVE,2022-04-12,
ACC-R3248-001,R3248,RETAIL,220000000249,AE070330000220000000249,AED,ACTIVE,2022-04-29,
ACC-R3249-001,R3249,RETAIL,220000000250,AE070330000220000000250,AED,ACTIVE,2022-05-16,
ACC-R3250-001,R3250,RETAIL,220000000251,AE070330000220000000251,AED,ACTIVE,2022-06-02,
ACC-R3251-001,R3251,RETAIL,220000000252,AE070330000220000000252,AED,ACTIVE,2022-06-19,
ACC-R3252-001,R3252,RETAIL,220000000253,AE070330000220000000253,AED,ACTIVE,2022-07-06,
ACC-R3253-001,R3253,RETAIL,220000000254,AE070330000220000000254,AED,ACTIVE,2022-07-23,
ACC-R3254-001,R3254,RETAIL,220000000255,AE070330000220000000255,AED,ACTIVE,2022-08-09,
ACC-R3255-001,R3255,RETAIL,220000000256,AE070330000220000000256,AED,ACTIVE,2022-08-26,
ACC-R3256-001,R3256,RETAIL,220000000257,AE070330000220000000257,AED,ACTIVE,2022-09-12,
ACC-R3257-001,R3257,RETAIL,220000000258,AE070330000220000000258,AED,ACTIVE,2022-09-29,
ACC-R3258-001,R3258,RETAIL,220000000259,AE070330000220000000259,AED,ACTIVE,2022-10-16,
ACC-R3259-001,R3259,RETAIL,220000000260,AE070330000220000000260,AED,ACTIVE,2022-11-02,
ACC-R3260-001,R3260,RETAIL,220000000261,AE070330000220000000261,AED,ACTIVE,2022-11-19,
ACC-R3261-001,R3261,RETAIL,220000000262,AE070330000220000000262,AED,ACTIVE,2022-12-06,
ACC-R3262-001,R3262,RETAIL,220000000263,AE070330000220000000263,AED,ACTIVE,2022-12-23,
ACC-R3263-001,R3263,RETAIL,220000000264,AE070330000220000000264,AED,ACTIVE,2023-01-09,
ACC-R3264-001,R3264,RETAIL,220000000265,AE070330000220000000265,AED,ACTIVE,2023-01-26,
ACC-R3265-001,R3265,RETAIL,220000000266,AE070330000220000000266,AED,ACTIVE,2023-02-12,
ACC-R3266-001,R3266,RETAIL,220000000267,AE070330000220000000267,AED,ACTIVE,2023-03-01,
ACC-R3267-001,R3267,RETAIL,220000000268,AE070330000220000000268,AED,ACTIVE,2023-03-18,
ACC-R3268-001,R3268,RETAIL,220000000269,AE070330000220000000269,AED,ACTIVE,2023-04-04,
ACC-R3269-001,R3269,RETAIL,220000000270,AE070330000220000000270,AED,ACTIVE,2023-04-21,
ACC-R3270-001,R3270,RETAIL,220000000271,AE070330000220000000271,AED,ACTIVE,2023-05-08,
ACC-R3271-001,R3271,RETAIL,220000000272,AE070330000220000000272,AED,ACTIVE,2023-05-25,
ACC-R3272-001,R3272,RETAIL,220000000273,AE070330000220000000273,AED,ACTIVE,2023-06-11,
ACC-R3273-001,R3273,RETAIL,220000000274,AE070330000220000000274,AED,ACTIVE,2023-06-28,
ACC-R3274-001,R3274,RETAIL,220000000275,AE070330000220000000275,AED,ACTIVE,2023-07-15,
ACC-R3275-001,R3275,RETAIL,220000000276,AE070330000220000000276,AED,ACTIVE,2023-08-01,
ACC-R3276-001,R3276,RETAIL,220000000277,AE070330000220000000277,AED,ACTIVE,2023-08-18,
ACC-R3277-001,R3277,RETAIL,220000000278,AE070330000220000000278,AED,ACTIVE,2023-09-04,
ACC-R3278-001,R3278,RETAIL,220000000279,AE070330000220000000279,AED,ACTIVE,2023-09-21,
ACC-R3279-001,R3279,RETAIL,220000000280,AE070330000220000000280,AED,ACTIVE,2023-10-08,
ACC-R3280-001,R3280,RETAIL,220000000281,AE070330000220000000281,AED,ACTIVE,2023-10-25,
ACC-R3281-001,R3281,RETAIL,220000000282,AE070330000220000000282,AED,ACTIVE,2023-11-11,
ACC-R3282-001,R3282,RETAIL,220000000283,AE070330000220000000283,AED,ACTIVE,2023-11-28,
ACC-R3283-001,R3283,RETAIL,220000000284,AE070330000220000000284,AED,ACTIVE,2023-12-15,
ACC-R3284-001,R3284,RETAIL,220000000285,AE070330000220000000285,AED,ACTIVE,2024-01-01,
ACC-R3285-001,R3285,RETAIL,220000000286,AE070330000220000000286,AED,ACTIVE,2024-01-18,
ACC-R3286-001,R3286,RETAIL,220000000287,AE070330000220000000287,AED,ACTIVE,2024-02-04,
ACC-R3287-001,R3287,RETAIL,220000000288,AE070330000220000000288,AED,ACTIVE,2024-02-21,
ACC-R3288-001,R3288,RETAIL,220000000289,AE070330000220000000289,AED,ACTIVE,2024-03-09,
ACC-R3289-001,R3289,RETAIL,220000000290,AE070330000220000000290,AED,ACTIVE,2024-03-26,
ACC-R3290-001,R3290,RETAIL,220000000291,AE070330000220000000291,AED,ACTIVE,2024-04-12,
ACC-R3291-001,R3291,RETAIL,220000000292,AE070330000220000000292,AED,ACTIVE,2024-04-29,
ACC-R3292-001,R3292,RETAIL,220000000293,AE070330000220000000293,AED,ACTIVE,2024-05-16,
ACC-R3293-001,R3293,RETAIL,220000000294,AE070330000220000000294,AED,ACTIVE,2024-06-02,
ACC-R3294-001,R3294,RETAIL,220000000295,AE070330000220000000295,AED,ACTIVE,2021-01-16,
ACC-R3295-001,R3295,RETAIL,220000000296,AE070330000220000000296,AED,ACTIVE,2021-02-02,
ACC-R3296-001,R3296,RETAIL,220000000297,AE070330000220000000297,AED,ACTIVE,2021-02-19,
ACC-R3297-001,R3297,RETAIL,220000000298,AE070330000220000000298,AED,ACTIVE,2021-03-08,
ACC-R3298-001,R3298,RETAIL,220000000299,AE070330000220000000299,AED,ACTIVE,2021-03-25,
ACC-R3299-001,R3299,RETAIL,220000000300,AE070330000220000000300,AED,ACTIVE,2021-04-11,
ACC-R3300-001,R3300,RETAIL,220000000301,AE070330000220000000301,AED,ACTIVE,2021-04-28,
ACC-R3301-001,R3301,RETAIL,220000000302,AE070330000220000000302,AED,ACTIVE,2021-05-15,
ACC-R3302-001,R3302,RETAIL,220000000303,AE070330000220000000303,AED,ACTIVE,2021-06-01,
ACC-R3303-001,R3303,RETAIL,220000000304,AE070330000220000000304,AED,ACTIVE,2021-06-18,
ACC-R3304-001,R3304,RETAIL,220000000305,AE070330000220000000305,AED,ACTIVE,2021-07-05,
ACC-R3305-001,R3305,RETAIL,220000000306,AE070330000220000000306,AED,ACTIVE,2021-07-22,
ACC-R3306-001,R3306,RETAIL,220000000307,AE070330000220000000307,AED,ACTIVE,2021-08-08,
ACC-R3307-001,R3307,RETAIL,220000000308,AE070330000220000000308,AED,ACTIVE,2021-08-25,
ACC-R3308-001,R3308,RETAIL,220000000309,AE070330000220000000309,AED,ACTIVE,2021-09-11,
ACC-R3309-001,R3309,RETAIL,220000000310,AE070330000220000000310,AED,ACTIVE,2021-09-28,
ACC-R3310-001,R3310,RETAIL,220000000311,AE070330000220000000311,AED,ACTIVE,2021-10-15,
ACC-R3311-001,R3311,RETAIL,220000000312,AE070330000220000000312,AED,ACTIVE,2021-11-01,
ACC-R3312-001,R3312,RETAIL,220000000313,AE070330000220000000313,AED,ACTIVE,2021-11-18,
ACC-R3313-001,R3313,RETAIL,220000000314,AE070330000220000000314,AED,ACTIVE,2021-12-05,
ACC-R3314-001,R3314,RETAIL,220000000315,AE070330000220000000315,AED,ACTIVE,2021-12-22,
ACC-R3315-001,R3315,RETAIL,220000000316,AE070330000220000000316,AED,ACTIVE,2022-01-08,
ACC-R3316-001,R3316,RETAIL,220000000317,AE070330000220000000317,AED,ACTIVE,2022-01-25,
ACC-R3317-001,R3317,RETAIL,220000000318,AE070330000220000000318,AED,ACTIVE,2022-02-11,
ACC-R3318-001,R3318,RETAIL,220000000319,AE070330000220000000319,AED,ACTIVE,2022-02-28,
ACC-R3319-001,R3319,RETAIL,220000000320,AE070330000220000000320,AED,ACTIVE,2022-03-17,
ACC-R3320-001,R3320,RETAIL,220000000321,AE070330000220000000321,AED,ACTIVE,2022-04-03,
ACC-R3321-001,R3321,RETAIL,220000000322,AE070330000220000000322,AED,ACTIVE,2022-04-20,
ACC-R3322-001,R3322,RETAIL,220000000323,AE070330000220000000323,AED,ACTIVE,2022-05-07,
ACC-R3323-001,R3323,RETAIL,220000000324,AE070330000220000000324,AED,ACTIVE,2022-05-24,
ACC-R3324-001,R3324,RETAIL,220000000325,AE070330000220000000325,AED,ACTIVE,2022-06-10,
ACC-R3325-001,R3325,RETAIL,220000000326,AE070330000220000000326,AED,ACTIVE,2022-06-27,
ACC-R3326-001,R3326,RETAIL,220000000327,AE070330000220000000327,AED,ACTIVE,2022-07-14,
ACC-R3327-001,R3327,RETAIL,220000000328,AE070330000220000000328,AED,ACTIVE,2022-07-31,
ACC-R3328-001,R3328,RETAIL,220000000329,AE070330000220000000329,AED,ACTIVE,2022-08-17,
ACC-R3329-001,R3329,RETAIL,220000000330,AE070330000220000000330,AED,ACTIVE,2022-09-03,
ACC-R3330-001,R3330,RETAIL,220000000331,AE070330000220000000331,AED,ACTIVE,2022-09-20,
ACC-R3331-001,R3331,RETAIL,220000000332,AE070330000220000000332,AED,ACTIVE,2022-10-07,
ACC-R3332-001,R3332,RETAIL,220000000333,AE070330000220000000333,AED,ACTIVE,2022-10-24,
ACC-R3333-001,R3333,RETAIL,220000000334,AE070330000220000000334,AED,ACTIVE,2022-11-10,
ACC-R3334-001,R3334,RETAIL,220000000335,AE070330000220000000335,AED,ACTIVE,2022-11-27,
ACC-R3335-001,R3335,RETAIL,220000000336,AE070330000220000000336,AED,ACTIVE,2022-12-14,
ACC-R3336-001,R3336,RETAIL,220000000337,AE070330000220000000337,AED,ACTIVE,2022-12-31,
ACC-R3337-001,R3337,RETAIL,220000000338,AE070330000220000000338,AED,ACTIVE,2023-01-17,
ACC-R3338-001,R3338,RETAIL,220000000339,AE070330000220000000339,AED,ACTIVE,2023-02-03,
ACC-R3339-001,R3339,RETAIL,220000000340,AE070330000220000000340,AED,ACTIVE,2023-02-20,
ACC-R3340-001,R3340,RETAIL,220000000341,AE070330000220000000341,AED,ACTIVE,2023-03-09,
ACC-R3341-001,R3341,RETAIL,220000000342,AE070330000220000000342,AED,ACTIVE,2023-03-26,
ACC-R3342-001,R3342,RETAIL,220000000343,AE070330000220000000343,AED,ACTIVE,2023-04-12,
ACC-R3343-001,R3343,RETAIL,220000000344,AE070330000220000000344,AED,ACTIVE,2023-04-29,
ACC-R3344-001,R3344,RETAIL,220000000345,AE070330000220000000345,AED,ACTIVE,2023-05-16,
ACC-R3345-001,R3345,RETAIL,220000000346,AE070330000220000000346,AED,ACTIVE,2023-06-02,
ACC-R3346-001,R3346,RETAIL,220000000347,AE070330000220000000347,AED,ACTIVE,2023-06-19,
ACC-R3347-001,R3347,RETAIL,220000000348,AE070330000220000000348,AED,ACTIVE,2023-07-06,
ACC-R3348-001,R3348,RETAIL,220000000349,AE070330000220000000349,AED,ACTIVE,2023-07-23,
ACC-R3349-001,R3349,RETAIL,220000000350,AE070330000220000000350,AED,ACTIVE,2023-08-09,
ACC-R3350-001,R3350,RETAIL,220000000351,AE070330000220000000351,AED,ACTIVE,2023-08-26,
ACC-R3351-001,R3351,RETAIL,220000000352,AE070330000220000000352,AED,ACTIVE,2023-09-12,
ACC-R3352-001,R3352,RETAIL,220000000353,AE070330000220000000353,AED,ACTIVE,2023-09-29,
ACC-R3353-001,R3353,RETAIL,220000000354,AE070330000220000000354,AED,ACTIVE,2023-10-16,
ACC-R3354-001,R3354,RETAIL,220000000355,AE070330000220000000355,AED,ACTIVE,2023-11-02,
ACC-R3355-001,R3355,RETAIL,220000000356,AE070330000220000000356,AED,ACTIVE,2023-11-19,
ACC-R3356-001,R3356,RETAIL,220000000357,AE070330000220000000357,AED,ACTIVE,2023-12-06,
ACC-R3357-001,R3357,RETAIL,220000000358,AE070330000220000000358,AED,ACTIVE,2023-12-23,
ACC-R3358-001,R3358,RETAIL,220000000359,AE070330000220000000359,AED,ACTIVE,2024-01-09,
ACC-R3359-001,R3359,RETAIL,220000000360,AE070330000220000000360,AED,ACTIVE,2024-01-26,
ACC-R3360-001,R3360,RETAIL,220000000361,AE070330000220000000361,AED,ACTIVE,2024-02-12,
ACC-R3361-001,R3361,RETAIL,220000000362,AE070330000220000000362,AED,ACTIVE,2024-02-29,
ACC-R3362-001,R3362,RETAIL,220000000363,AE070330000220000000363,AED,ACTIVE,2024-03-17,
ACC-R3363-001,R3363,RETAIL,220000000364,AE070330000220000000364,AED,ACTIVE,2024-04-03,
ACC-R3364-001,R3364,RETAIL,220000000365,AE070330000220000000365,AED,ACTIVE,2024-04-20,
ACC-R3365-001,R3365,RETAIL,220000000366,AE070330000220000000366,AED,ACTIVE,2024-05-07,
ACC-R3366-001,R3366,RETAIL,220000000367,AE070330000220000000367,AED,ACTIVE,2024-05-24,
ACC-R3367-001,R3367,RETAIL,220000000368,AE070330000220000000368,AED,ACTIVE,2021-01-07,
ACC-R3368-001,R3368,RETAIL,220000000369,AE070330000220000000369,AED,ACTIVE,2021-01-24,
ACC-R3369-001,R3369,RETAIL,220000000370,AE070330000220000000370,AED,ACTIVE,2021-02-10,
ACC-R3370-001,R3370,RETAIL,220000000371,AE070330000220000000371,AED,ACTIVE,2021-02-27,
ACC-R3371-001,R3371,RETAIL,220000000372,AE070330000220000000372,AED,ACTIVE,2021-03-16,
ACC-R3372-001,R3372,RETAIL,220000000373,AE070330000220000000373,AED,ACTIVE,2021-04-02,
ACC-R3373-001,R3373,RETAIL,220000000374,AE070330000220000000374,AED,ACTIVE,2021-04-19,
ACC-R3374-001,R3374,RETAIL,220000000375,AE070330000220000000375,AED,ACTIVE,2021-05-06,
ACC-R3375-001,R3375,RETAIL,220000000376,AE070330000220000000376,AED,ACTIVE,2021-05-23,
ACC-R3376-001,R3376,RETAIL,220000000377,AE070330000220000000377,AED,ACTIVE,2021-06-09,
ACC-R3377-001,R3377,RETAIL,220000000378,AE070330000220000000378,AED,ACTIVE,2021-06-26,
ACC-R3378-001,R3378,RETAIL,220000000379,AE070330000220000000379,AED,ACTIVE,2021-07-13,
ACC-R3379-001,R3379,RETAIL,220000000380,AE070330000220000000380,AED,ACTIVE,2021-07-30,
ACC-R3380-001,R3380,RETAIL,220000000381,AE070330000220000000381,AED,ACTIVE,2021-08-16,
ACC-R3381-001,R3381,RETAIL,220000000382,AE070330000220000000382,AED,ACTIVE,2021-09-02,
ACC-R3382-001,R3382,RETAIL,220000000383,AE070330000220000000383,AED,ACTIVE,2021-09-19,
ACC-R3383-001,R3383,RETAIL,220000000384,AE070330000220000000384,AED,ACTIVE,2021-10-06,
ACC-R3384-001,R3384,RETAIL,220000000385,AE070330000220000000385,AED,ACTIVE,2021-10-23,
ACC-R3385-001,R3385,RETAIL,220000000386,AE070330000220000000386,AED,ACTIVE,2021-11-09,
ACC-R3386-001,R3386,RETAIL,220000000387,AE070330000220000000387,AED,ACTIVE,2021-11-26,
ACC-R3387-001,R3387,RETAIL,220000000388,AE070330000220000000388,AED,ACTIVE,2021-12-13,
ACC-R3388-001,R3388,RETAIL,220000000389,AE070330000220000000389,AED,ACTIVE,2021-12-30,
ACC-R3389-001,R3389,RETAIL,220000000390,AE070330000220000000390,AED,ACTIVE,2022-01-16,
ACC-R3390-001,R3390,RETAIL,220000000391,AE070330000220000000391,AED,ACTIVE,2022-02-02,
ACC-R3391-001,R3391,RETAIL,220000000392,AE070330000220000000392,AED,ACTIVE,2022-02-19,
ACC-R3392-001,R3392,RETAIL,220000000393,AE070330000220000000393,AED,ACTIVE,2022-03-08,
ACC-R3393-001,R3393,RETAIL,220000000394,AE070330000220000000394,AED,ACTIVE,2022-03-25,
ACC-R3394-001,R3394,RETAIL,220000000395,AE070330000220000000395,AED,ACTIVE,2022-04-11,
ACC-R3395-001,R3395,RETAIL,220000000396,AE070330000220000000396,AED,ACTIVE,2022-04-28,
ACC-R3396-001,R3396,RETAIL,220000000397,AE070330000220000000397,AED,ACTIVE,2022-05-15,
ACC-R3397-001,R3397,RETAIL,220000000398,AE070330000220000000398,AED,ACTIVE,2022-06-01,
ACC-R3398-001,R3398,RETAIL,220000000399,AE070330000220000000399,AED,ACTIVE,2022-06-18,
ACC-R3399-001,R3399,RETAIL,220000000400,AE070330000220000000400,AED,ACTIVE,2022-07-05,
ACC-R3400-001,R3400,RETAIL,220000000401,AE070330000220000000401,AED,ACTIVE,2022-07-22,
ACC-R3401-001,R3401,RETAIL,220000000402,AE070330000220000000402,AED,ACTIVE,2022-08-08,
ACC-R3402-001,R3402,RETAIL,220000000403,AE070330000220000000403,AED,ACTIVE,2022-08-25,
ACC-R3403-001,R3403,RETAIL,220000000404,AE070330000220000000404,AED,ACTIVE,2022-09-11,
ACC-R3404-001,R3404,RETAIL,220000000405,AE070330000220000000405,AED,ACTIVE,2022-09-28,
ACC-R3405-001,R3405,RETAIL,220000000406,AE070330000220000000406,AED,ACTIVE,2022-10-15,
ACC-R3406-001,R3406,RETAIL,220000000407,AE070330000220000000407,AED,ACTIVE,2022-11-01,
ACC-R3407-001,R3407,RETAIL,220000000408,AE070330000220000000408,AED,ACTIVE,2022-11-18,
ACC-R3408-001,R3408,RETAIL,220000000409,AE070330000220000000409,AED,ACTIVE,2022-12-05,
ACC-R3409-001,R3409,RETAIL,220000000410,AE070330000220000000410,AED,ACTIVE,2022-12-22,
ACC-R3410-001,R3410,RETAIL,220000000411,AE070330000220000000411,AED,ACTIVE,2023-01-08,
ACC-R3411-001,R3411,RETAIL,220000000412,AE070330000220000000412,AED,ACTIVE,2023-01-25,
ACC-R3412-001,R3412,RETAIL,220000000413,AE070330000220000000413,AED,ACTIVE,2023-02-11,
ACC-R3413-001,R3413,RETAIL,220000000414,AE070330000220000000414,AED,ACTIVE,2023-02-28,
ACC-R3414-001,R3414,RETAIL,220000000415,AE070330000220000000415,AED,ACTIVE,2023-03-17,
ACC-R3415-001,R3415,RETAIL,220000000416,AE070330000220000000416,AED,ACTIVE,2023-04-03,
ACC-R3416-001,R3416,RETAIL,220000000417,AE070330000220000000417,AED,ACTIVE,2023-04-20,
ACC-R3417-001,R3417,RETAIL,220000000418,AE070330000220000000418,AED,ACTIVE,2023-05-07,
ACC-R3418-001,R3418,RETAIL,220000000419,AE070330000220000000419,AED,ACTIVE,2023-05-24,
ACC-R3419-001,R3419,RETAIL,220000000420,AE070330000220000000420,AED,ACTIVE,2023-06-10,
ACC-R3420-001,R3420,RETAIL,220000000421,AE070330000220000000421,AED,ACTIVE,2023-06-27,
ACC-R3421-001,R3421,RETAIL,220000000422,AE070330000220000000422,AED,ACTIVE,2023-07-14,
ACC-R3422-001,R3422,RETAIL,220000000423,AE070330000220000000423,AED,ACTIVE,2023-07-31,
ACC-R3423-001,R3423,RETAIL,220000000424,AE070330000220000000424,AED,ACTIVE,2023-08-17,
ACC-R3424-001,R3424,RETAIL,220000000425,AE070330000220000000425,AED,ACTIVE,2023-09-03,
ACC-R3425-001,R3425,RETAIL,220000000426,AE070330000220000000426,AED,ACTIVE,2023-09-20,
ACC-R3426-001,R3426,RETAIL,220000000427,AE070330000220000000427,AED,ACTIVE,2023-10-07,
ACC-R3427-001,R3427,RETAIL,220000000428,AE070330000220000000428,AED,ACTIVE,2023-10-24,
ACC-R3428-001,R3428,RETAIL,220000000429,AE070330000220000000429,AED,ACTIVE,2023-11-10,
ACC-R3429-001,R3429,RETAIL,220000000430,AE070330000220000000430,AED,ACTIVE,2023-11-27,
ACC-R3430-001,R3430,RETAIL,220000000431,AE070330000220000000431,AED,ACTIVE,2023-12-14,
ACC-R3431-001,R3431,RETAIL,220000000432,AE070330000220000000432,AED,ACTIVE,2023-12-31,
ACC-R3432-001,R3432,RETAIL,220000000433,AE070330000220000000433,AED,ACTIVE,2024-01-17,
ACC-R3433-001,R3433,RETAIL,220000000434,AE070330000220000000434,AED,ACTIVE,2024-02-03,
ACC-R3434-001,R3434,RETAIL,220000000435,AE070330000220000000435,AED,ACTIVE,2024-02-20,
ACC-R3435-001,R3435,RETAIL,220000000436,AE070330000220000000436,AED,ACTIVE,2024-03-08,
ACC-R3436-001,R3436,RETAIL,220000000437,AE070330000220000000437,AED,ACTIVE,2024-03-25,
ACC-R3437-001,R3437,RETAIL,220000000438,AE070330000220000000438,AED,ACTIVE,2024-04-11,
ACC-R3438-001,R3438,RETAIL,220000000439,AE070330000220000000439,AED,ACTIVE,2024-04-28,
ACC-R3439-001,R3439,RETAIL,220000000440,AE070330000220000000440,AED,ACTIVE,2024-05-15,
ACC-R3440-001,R3440,RETAIL,220000000441,AE070330000220000000441,AED,ACTIVE,2024-06-01,
ACC-R3441-001,R3441,RETAIL,220000000442,AE070330000220000000442,AED,ACTIVE,2021-01-15,
ACC-R3442-001,R3442,RETAIL,220000000443,AE070330000220000000443,AED,ACTIVE,2021-02-01,
ACC-R3443-001,R3443,RETAIL,220000000444,AE070330000220000000444,AED,ACTIVE,2021-02-18,
ACC-R3444-001,R3444,RETAIL,220000000445,AE070330000220000000445,AED,ACTIVE,2021-03-07,
ACC-R3445-001,R3445,RETAIL,220000000446,AE070330000220000000446,AED,ACTIVE,2021-03-24,
ACC-R3446-001,R3446,RETAIL,220000000447,AE070330000220000000447,AED,ACTIVE,2021-04-10,
ACC-R3447-001,R3447,RETAIL,220000000448,AE070330000220000000448,AED,ACTIVE,2021-04-27,
ACC-R3448-001,R3448,RETAIL,220000000449,AE070330000220000000449,AED,ACTIVE,2021-05-14,
ACC-R3449-001,R3449,RETAIL,220000000450,AE070330000220000000450,AED,ACTIVE,2021-05-31,
ACC-R3450-001,R3450,RETAIL,220000000451,AE070330000220000000451,AED,ACTIVE,2021-06-17,
ACC-B4001-001,B4001,SME,220000000452,AE070330000220000000452,AED,ACTIVE,2021-07-04,
ACC-B4002-001,B4002,SME,220000000453,AE070330000220000000453,AED,ACTIVE,2021-07-21,
ACC-B4003-001,B4003,SME,220000000454,AE070330000220000000454,AED,ACTIVE,2021-08-07,
ACC-B4004-001,B4004,SME,220000000455,AE070330000220000000455,AED,ACTIVE,2021-08-24,
ACC-B4005-001,B4005,SME,220000000456,AE070330000220000000456,AED,ACTIVE,2021-09-10,
ACC-B4006-001,B4006,SME,220000000457,AE070330000220000000457,AED,ACTIVE,2021-09-27,
ACC-B4007-001,B4007,SME,220000000458,AE070330000220000000458,AED,ACTIVE,2021-10-14,
ACC-B4008-001,B4008,SME,220000000459,AE070330000220000000459,AED,ACTIVE,2021-10-31,
ACC-B4009-001,B4009,SME,220000000460,AE070330000220000000460,AED,ACTIVE,2021-11-17,
ACC-B4010-001,B4010,SME,220000000461,AE070330000220000000461,AED,ACTIVE,2021-12-04,
ACC-B4011-001,B4011,SME,220000000462,AE070330000220000000462,AED,ACTIVE,2021-12-21,
ACC-B4012-001,B4012,SME,220000000463,AE070330000220000000463,AED,ACTIVE,2022-01-07,
ACC-B4013-001,B4013,SME,220000000464,AE070330000220000000464,AED,ACTIVE,2022-01-24,
ACC-B4014-001,B4014,SME,220000000465,AE070330000220000000465,AED,ACTIVE,2022-02-10,
ACC-B4015-001,B4015,SME,220000000466,AE070330000220000000466,AED,ACTIVE,2022-02-27,
ACC-B4016-001,B4016,SME,220000000467,AE070330000220000000467,AED,ACTIVE,2022-03-16,
ACC-B4017-001,B4017,SME,220000000468,AE070330000220000000468,AED,ACTIVE,2022-04-02,
ACC-B4018-001,B4018,SME,220000000469,AE070330000220000000469,AED,ACTIVE,2022-04-19,
ACC-B4019-001,B4019,SME,220000000470,AE070330000220000000470,AED,ACTIVE,2022-05-06,
ACC-B4020-001,B4020,SME,220000000471,AE070330000220000000471,AED,ACTIVE,2022-05-23,
ACC-B4021-001,B4021,SME,220000000472,AE070330000220000000472,AED,ACTIVE,2022-06-09,
ACC-B4022-001,B4022,SME,220000000473,AE070330000220000000473,AED,ACTIVE,2022-06-26,
ACC-B4023-001,B4023,SME,220000000474,AE070330000220000000474,AED,ACTIVE,2022-07-13,
ACC-B4024-001,B4024,SME,220000000475,AE070330000220000000475,AED,ACTIVE,2022-07-30,
ACC-B4025-001,B4025,SME,220000000476,AE070330000220000000476,AED,ACTIVE,2022-08-16,
ACC-B4026-001,B4026,SME,220000000477,AE070330000220000000477,AED,ACTIVE,2022-09-02,
ACC-B4027-001,B4027,SME,220000000478,AE070330000220000000478,AED,ACTIVE,2022-09-19,
ACC-B4028-001,B4028,SME,220000000479,AE070330000220000000479,AED,ACTIVE,2022-10-06,
ACC-B4029-001,B4029,SME,220000000480,AE070330000220000000480,AED,ACTIVE,2022-10-23,
ACC-B4030-001,B4030,SME,220000000481,AE070330000220000000481,AED,ACTIVE,2022-11-09,
ACC-B4031-001,B4031,SME,220000000482,AE070330000220000000482,AED,ACTIVE,2022-11-26,
ACC-B4032-001,B4032,SME,220000000483,AE070330000220000000483,AED,ACTIVE,2022-12-13,
ACC-B4033-001,B4033,SME,220000000484,AE070330000220000000484,AED,ACTIVE,2022-12-30,
ACC-B4034-001,B4034,SME,220000000485,AE070330000220000000485,AED,ACTIVE,2023-01-16,
ACC-B4035-001,B4035,SME,220000000486,AE070330000220000000486,AED,ACTIVE,2023-02-02,
ACC-B4036-001,B4036,SME,220000000487,AE070330000220000000487,AED,ACTIVE,2023-02-19,
ACC-B4037-001,B4037,SME,220000000488,AE070330000220000000488,AED,ACTIVE,2023-03-08,
ACC-B4038-001,B4038,SME,220000000489,AE070330000220000000489,AED,ACTIVE,2023-03-25,
ACC-B4039-001,B4039,SME,220000000490,AE070330000220000000490,AED,ACTIVE,2023-04-11,
ACC-B4040-001,B4040,SME,220000000491,AE070330000220000000491,AED,ACTIVE,2023-04-28,
ACC-B4041-001,B4041,SME,220000000492,AE070330000220000000492,AED,ACTIVE,2023-05-15,
ACC-B4042-001,B4042,SME,220000000493,AE070330000220000000493,AED,ACTIVE,2023-06-01,
ACC-B4043-001,B4043,SME,220000000494,AE070330000220000000494,AED,ACTIVE,2023-06-18,
ACC-B4044-001,B4044,SME,220000000495,AE070330000220000000495,AED,ACTIVE,2023-07-05,
ACC-B4045-001,B4045,SME,220000000496,AE070330000220000000496,AED,ACTIVE,2023-07-22,
ACC-B4046-001,B4046,SME,220000000497,AE070330000220000000497,AED,ACTIVE,2023-08-08,
ACC-B4047-001,B4047,SME,220000000498,AE070330000220000000498,AED,ACTIVE,2023-08-25,
ACC-B4048-001,B4048,SME,220000000499,AE070330000220000000499,AED,ACTIVE,2023-09-11,
ACC-B4049-001,B4049,SME,220000000500,AE070330000220000000500,AED,ACTIVE,2023-09-28,
ACC-B4050-001,B4050,SME,220000000501,AE070330000220000000501,AED,ACTIVE,2023-10-15,
