transfer_id,quote_id,status,reference_number,source_account_id,direction,customer_id,transaction_timestamp,beneficiary_id,beneficiary_account_number,source_amount,target_amount,payment_purpose_key,payment_purpose_name,service_type,source_iban,total_fees,fee_details
LOC-OUT-0000001,QUOTE-LOC-OUT-0000001,COMPLETED,REF-LOC-OUT-0000001,ACC-R1001-001,OUTWARD,R1001,2026-07-10 10:05:00,RET-BEN-000001,990100000001,9000.00,9000.00,SUPPLIER_PAYMENT,Supplier Payment,FTS,AE070330000100000000001,0.00,[]
LOC-OUT-0000002,QUOTE-LOC-OUT-0000002,COMPLETED,REF-LOC-OUT-0000002,ACC-R1001-001,OUTWARD,R1001,2026-07-11 11:20:00,RET-BEN-000001,990100000001,11000.00,11000.00,SUPPLIER_PAYMENT,Supplier Payment,FTS,AE070330000100000000001,0.00,[]
LOC-OUT-0000003,QUOTE-LOC-OUT-0000003,COMPLETED,REF-LOC-OUT-0000003,ACC-R1001-001,OUTWARD,R1001,2026-07-12 09:10:00,RET-BEN-000001,990100000001,8000.00,8000.00,SUPPLIER_PAYMENT,Supplier Payment,FTS,AE070330000100000000001,0.00,[]
LOC-OUT-0000004,QUOTE-LOC-OUT-0000004,COMPLETED,REF-LOC-OUT-0000004,ACC-R1001-001,OUTWARD,R1001,2026-07-12 15:35:00,RET-BEN-000001,990100000001,12000.00,12000.00,SUPPLIER_PAYMENT,Supplier Payment,FTS,AE070330000100000000001,0.00,[]
LOC-OUT-0000005,QUOTE-LOC-OUT-0000005,COMPLETED,REF-LOC-OUT-0000005,ACC-R1001-001,OUTWARD,R1001,2026-07-13 12:15:00,RET-BEN-000001,990100000001,9500.00,9500.00,SUPPLIER_PAYMENT,Supplier Payment,FTS,AE070330000100000000001,0.00,[]
LOC-OUT-0000017,QUOTE-LOC-OUT-0000017,COMPLETED,REF-LOC-OUT-0000017,ACC-R1002-001,OUTWARD,R1002,2026-07-09 09:40:00,RET-BEN-000002,990100000001,11000.00,11000.00,PERSONAL_TRANSFER,Personal Transfer,FTS,AE070330000100000000002,0.00,[]
LOC-OUT-0000018,QUOTE-LOC-OUT-0000018,COMPLETED,REF-LOC-OUT-0000018,ACC-R1002-001,OUTWARD,R1002,2026-07-09 15:22:00,RET-BEN-000002,990100000001,10500.00,10500.00,PERSONAL_TRANSFER,Personal Transfer,FTS,AE070330000100000000002,0.00,[]
LOC-OUT-0000019,QUOTE-LOC-OUT-0000019,COMPLETED,REF-LOC-OUT-0000019,ACC-R1002-001,OUTWARD,R1002,2026-07-10 09:24:00,RET-BEN-000002,990100000001,12000.00,12000.00,PERSONAL_TRANSFER,Personal Transfer,FTS,AE070330000100000000002,0.00,[]
LOC-OUT-0000020,QUOTE-LOC-OUT-0000020,COMPLETED,REF-LOC-OUT-0000020,ACC-R1002-001,OUTWARD,R1002,2026-07-10 14:11:00,RET-BEN-000002,990100000001,9500.00,9500.00,PERSONAL_TRANSFER,Personal Transfer,FTS,AE070330000100000000002,0.00,[]
LOC-OUT-0000021,QUOTE-LOC-OUT-0000021,COMPLETED,REF-LOC-OUT-0000021,ACC-R1002-001,OUTWARD,R1002,2026-07-11 10:23:00,RET-BEN-000002,990100000001,11500.00,11500.00,PERSONAL_TRANSFER,Personal Transfer,FTS,AE070330000100000000002,0.00,[]
LOC-OUT-0000022,QUOTE-LOC-OUT-0000022,COMPLETED,REF-LOC-OUT-0000022,ACC-R1002-001,OUTWARD,R1002,2026-07-11 16:15:00,RET-BEN-000002,990100000001,10000.00,10000.00,PERSONAL_TRANSFER,Personal Transfer,FTS,AE070330000100000000002,0.00,[]
LOC-OUT-0000023,QUOTE-LOC-OUT-0000023,COMPLETED,REF-LOC-OUT-0000023,ACC-R1002-001,OUTWARD,R1002,2026-07-12 10:07:00,RET-BEN-000002,990100000001,9800.00,9800.00,PERSONAL_TRANSFER,Personal Transfer,FTS,AE070330000100000000002,0.00,[]
LOC-OUT-0000024,QUOTE-LOC-OUT-0000024,COMPLETED,REF-LOC-OUT-0000024,ACC-R1002-001,OUTWARD,R1002,2026-07-10 17:15:00,RET-BEN-000003,770100000001,2200.00,2200.00,PERSONAL_TRANSFER,Personal Transfer,FTS,AE070330000100000000002,0.00,[]
LOC-OUT-0000025,QUOTE-LOC-OUT-0000025,COMPLETED,REF-LOC-OUT-0000025,ACC-R1002-001,OUTWARD,R1002,2026-07-11 17:15:00,RET-BEN-000004,770100000002,2500.00,2500.00,PERSONAL_TRANSFER,Personal Transfer,FTS,AE070330000100000000002,0.00,[]
LOC-OUT-0000026,QUOTE-LOC-OUT-0000026,COMPLETED,REF-LOC-OUT-0000026,ACC-R1002-001,OUTWARD,R1002,2026-07-12 17:15:00,RET-BEN-000005,770100000003,2800.00,2800.00,PERSONAL_TRANSFER,Personal Transfer,FTS,AE070330000100000000002,0.00,[]
LOC-OUT-0000027,QUOTE-LOC-OUT-0000027,COMPLETED,REF-LOC-OUT-0000027,ACC-R1002-001,OUTWARD,R1002,2026-07-13 17:15:00,RET-BEN-000006,770100000004,3100.00,3100.00,PERSONAL_TRANSFER,Personal Transfer,FTS,AE070330000100000000002,0.00,[]
LOC-OUT-0000040,QUOTE-LOC-OUT-0000040,COMPLETED,REF-LOC-OUT-0000040,ACC-R1003-001,OUTWARD,R1003,2026-07-12 11:15:00,RET-BEN-000007,990100000001,18000.00,18000.00,PERSONAL_TRANSFER,Personal Transfer,FTS,AE070330000100000000003,0.00,[]
LOC-OUT-0000041,QUOTE-LOC-OUT-0000041,COMPLETED,REF-LOC-OUT-0000041,ACC-B2002-001,OUTWARD,B2002,2025-10-10 10:15:00,SME-BEN-000008,990100000001,5200.00,5200.00,SUPPLIER_PAYMENT,Invoice Settlement INV-001,FTS,AE070330000200000000002,0.00,[]
LOC-OUT-0000042,QUOTE-LOC-OUT-0000042,COMPLETED,REF-LOC-OUT-0000042,ACC-B2002-001,OUTWARD,B2002,2025-12-10 10:15:00,SME-BEN-000008,990100000001,6100.00,6100.00,SUPPLIER_PAYMENT,Invoice Settlement INV-002,FTS,AE070330000200000000002,0.00,[]
LOC-OUT-0000043,QUOTE-LOC-OUT-0000043,COMPLETED,REF-LOC-OUT-0000043,ACC-B2002-001,OUTWARD,B2002,2026-02-10 10:15:00,SME-BEN-000008,990100000001,4800.00,4800.00,SUPPLIER_PAYMENT,Invoice Settlement INV-003,FTS,AE070330000200000000002,0.00,[]
LOC-OUT-0000044,QUOTE-LOC-OUT-0000044,COMPLETED,REF-LOC-OUT-0000044,ACC-B2002-001,OUTWARD,B2002,2026-04-10 10:15:00,SME-BEN-000008,990100000001,7200.00,7200.00,SUPPLIER_PAYMENT,Invoice Settlement INV-004,FTS,AE070330000200000000002,0.00,[]
LOC-OUT-0000045,QUOTE-LOC-OUT-0000045,COMPLETED,REF-LOC-OUT-0000045,ACC-B2002-001,OUTWARD,B2002,2026-06-10 10:15:00,SME-BEN-000008,990100000001,5600.00,5600.00,SUPPLIER_PAYMENT,Invoice Settlement INV-005,FTS,AE070330000200000000002,0.00,[]
LOC-OUT-0000046,QUOTE-LOC-OUT-0000046,COMPLETED,REF-LOC-OUT-0000046,ACC-B2002-001,OUTWARD,B2002,2026-08-10 10:15:00,SME-BEN-000008,990100000001,6800.00,6800.00,SUPPLIER_PAYMENT,Invoice Settlement INV-006,FTS,AE070330000200000000002,0.00,[]
LOC-OUT-0000066,QUOTE-LOC-OUT-0000066,COMPLETED,REF-LOC-OUT-0000066,ACC-R1004-001,OUTWARD,R1004,2026-07-13 11:00:00,RET-BEN-000009,990100000001,2000.00,2000.00,PERSONAL_TRANSFER,Personal Transfer,FTS,AE070330000100000000004,0.00,[]
LOC-OUT-0000067,QUOTE-LOC-OUT-0000067,COMPLETED,REF-LOC-OUT-0000067,ACC-R1001-001,OUTWARD,R1001,2025-11-05 08:00:00,RET-BEN-000010,880100000001,175.00,175.00,SERVICE_PAYMENT,Monthly Service Payment,FTS,AE070330000100000000001,0.00,[]
LOC-OUT-0000068,QUOTE-LOC-OUT-0000068,COMPLETED,REF-LOC-OUT-0000068,ACC-R1001-001,OUTWARD,R1001,2026-01-05 08:00:00,RET-BEN-000010,880100000001,182.50,182.50,SERVICE_PAYMENT,Monthly Service Payment,FTS,AE070330000100000000001,0.00,[]
LOC-OUT-0000069,QUOTE-LOC-OUT-0000069,COMPLETED,REF-LOC-OUT-0000069,ACC-B2001-001,OUTWARD,B2001,2025-11-06 09:07:00,SME-BEN-000011,880100000001,1535.00,1535.00,BUSINESS_SERVICES,Facilities Service Invoice,FTS,AE070330000200000000001,0.00,[]
LOC-OUT-0000070,QUOTE-LOC-OUT-0000070,COMPLETED,REF-LOC-OUT-0000070,ACC-B2001-001,OUTWARD,B2001,2026-01-06 09:07:00,SME-BEN-000011,880100000001,1580.00,1580.00,BUSINESS_SERVICES,Facilities Service Invoice,FTS,AE070330000200000000001,0.00,[]
LOC-OUT-0000071,QUOTE-LOC-OUT-0000071,COMPLETED,REF-LOC-OUT-0000071,ACC-B2001-001,OUTWARD,B2001,2026-03-06 09:07:00,SME-BEN-000011,880100000001,1625.00,1625.00,BUSINESS_SERVICES,Facilities Service Invoice,FTS,AE070330000200000000001,0.00,[]
LOC-OUT-0000072,QUOTE-LOC-OUT-0000072,COMPLETED,REF-LOC-OUT-0000072,ACC-R1003-001,OUTWARD,R1003,2025-11-07 10:14:00,RET-BEN-000012,880100000001,240.00,240.00,SERVICE_PAYMENT,Monthly Service Payment,FTS,AE070330000100000000003,0.00,[]
LOC-OUT-0000073,QUOTE-LOC-OUT-0000073,COMPLETED,REF-LOC-OUT-0000073,ACC-R1003-001,OUTWARD,R1003,2026-01-07 10:14:00,RET-BEN-000012,880100000001,247.50,247.50,SERVICE_PAYMENT,Monthly Service Payment,FTS,AE070330000100000000003,0.00,[]
LOC-OUT-0000074,QUOTE-LOC-OUT-0000074,COMPLETED,REF-LOC-OUT-0000074,ACC-R1003-001,OUTWARD,R1003,2026-03-07 10:14:00,RET-BEN-000012,880100000001,255.00,255.00,SERVICE_PAYMENT,Monthly Service Payment,FTS,AE070330000100000000003,0.00,[]
LOC-OUT-0000075,QUOTE-LOC-OUT-0000075,COMPLETED,REF-LOC-OUT-0000075,ACC-R1003-001,OUTWARD,R1003,2026-05-07 10:14:00,RET-BEN-000012,880100000001,262.50,262.50,SERVICE_PAYMENT,Monthly Service Payment,FTS,AE070330000100000000003,0.00,[]
LOC-OUT-0000076,QUOTE-LOC-OUT-0000076,COMPLETED,REF-LOC-OUT-0000076,ACC-R8001-001,OUTWARD,R8001,2025-11-08 11:21:00,RET-BEN-000013,880100000001,272.50,272.50,SERVICE_PAYMENT,Monthly Service Payment,FTS,AE070330000800000000001,0.00,[]
LOC-OUT-0000077,QUOTE-LOC-OUT-0000077,COMPLETED,REF-LOC-OUT-0000077,ACC-R8001-001,OUTWARD,R8001,2026-01-08 11:21:00,RET-BEN-000013,880100000001,280.00,280.00,SERVICE_PAYMENT,Monthly Service Payment,FTS,AE070330000800000000001,0.00,[]
LOC-OUT-0000078,QUOTE-LOC-OUT-0000078,COMPLETED,REF-LOC-OUT-0000078,ACC-R8001-001,OUTWARD,R8001,2026-03-08 11:21:00,RET-BEN-000013,880100000001,287.50,287.50,SERVICE_PAYMENT,Monthly Service Payment,FTS,AE070330000800000000001,0.00,[]
LOC-OUT-0000079,QUOTE-LOC-OUT-0000079,COMPLETED,REF-LOC-OUT-0000079,ACC-R8001-001,OUTWARD,R8001,2026-05-08 11:21:00,RET-BEN-000013,880100000001,295.00,295.00,SERVICE_PAYMENT,Monthly Service Payment,FTS,AE070330000800000000001,0.00,[]
LOC-OUT-0000080,QUOTE-LOC-OUT-0000080,COMPLETED,REF-LOC-OUT-0000080,ACC-R8001-001,OUTWARD,R8001,2026-07-08 11:21:00,RET-BEN-000013,880100000001,302.50,302.50,SERVICE_PAYMENT,Monthly Service Payment,FTS,AE070330000800000000001,0.00,[]
LOC-OUT-0000083,QUOTE-LOC-OUT-0000083,COMPLETED,REF-LOC-OUT-0000083,ACC-R8002-001,OUTWARD,R8002,2025-11-09 12:28:00,RET-BEN-000014,880100000001,305.00,305.00,SERVICE_PAYMENT,Monthly Service Payment,FTS,AE070330000800000000002,0.00,[]
LOC-OUT-0000084,QUOTE-LOC-OUT-0000084,COMPLETED,REF-LOC-OUT-0000084,ACC-R8002-001,OUTWARD,R8002,2026-01-09 12:28:00,RET-BEN-000014,880100000001,312.50,312.50,SERVICE_PAYMENT,Monthly Service Payment,FTS,AE070330000800000000002,0.00,[]
LOC-OUT-0000086,QUOTE-LOC-OUT-0000086,COMPLETED,REF-LOC-OUT-0000086,ACC-R8003-001,OUTWARD,R8003,2025-11-10 13:35:00,RET-BEN-000015,880100000001,337.50,337.50,SERVICE_PAYMENT,Monthly Service Payment,FTS,AE070330000800000000003,0.00,[]
LOC-OUT-0000087,QUOTE-LOC-OUT-0000087,COMPLETED,REF-LOC-OUT-0000087,ACC-R8003-001,OUTWARD,R8003,2026-01-10 13:35:00,RET-BEN-000015,880100000001,345.00,345.00,SERVICE_PAYMENT,Monthly Service Payment,FTS,AE070330000800000000003,0.00,[]
LOC-OUT-0000088,QUOTE-LOC-OUT-0000088,COMPLETED,REF-LOC-OUT-0000088,ACC-R8003-001,OUTWARD,R8003,2026-03-10 13:35:00,RET-BEN-000015,880100000001,352.50,352.50,SERVICE_PAYMENT,Monthly Service Payment,FTS,AE070330000800000000003,0.00,[]
LOC-OUT-0000091,QUOTE-LOC-OUT-0000091,COMPLETED,REF-LOC-OUT-0000091,ACC-R8004-001,OUTWARD,R8004,2025-11-11 14:42:00,RET-BEN-000016,880100000001,370.00,370.00,SERVICE_PAYMENT,Monthly Service Payment,FTS,AE070330000800000000004,0.00,[]
LOC-OUT-0000092,QUOTE-LOC-OUT-0000092,COMPLETED,REF-LOC-OUT-0000092,ACC-R8004-001,OUTWARD,R8004,2026-01-11 14:42:00,RET-BEN-000016,880100000001,377.50,377.50,SERVICE_PAYMENT,Monthly Service Payment,FTS,AE070330000800000000004,0.00,[]
LOC-OUT-0000093,QUOTE-LOC-OUT-0000093,COMPLETED,REF-LOC-OUT-0000093,ACC-R8004-001,OUTWARD,R8004,2026-03-11 14:42:00,RET-BEN-000016,880100000001,385.00,385.00,SERVICE_PAYMENT,Monthly Service Payment,FTS,AE070330000800000000004,0.00,[]
LOC-OUT-0000094,QUOTE-LOC-OUT-0000094,COMPLETED,REF-LOC-OUT-0000094,ACC-R8004-001,OUTWARD,R8004,2026-05-11 14:42:00,RET-BEN-000016,880100000001,392.50,392.50,SERVICE_PAYMENT,Monthly Service Payment,FTS,AE070330000800000000004,0.00,[]
LOC-OUT-0000096,QUOTE-LOC-OUT-0000096,COMPLETED,REF-LOC-OUT-0000096,ACC-R8005-001,OUTWARD,R8005,2025-11-12 15:49:00,RET-BEN-000017,880100000001,402.50,402.50,SERVICE_PAYMENT,Monthly Service Payment,FTS,AE070330000800000000005,0.00,[]
LOC-OUT-0000097,QUOTE-LOC-OUT-0000097,COMPLETED,REF-LOC-OUT-0000097,ACC-R8005-001,OUTWARD,R8005,2026-01-12 15:49:00,RET-BEN-000017,880100000001,410.00,410.00,SERVICE_PAYMENT,Monthly Service Payment,FTS,AE070330000800000000005,0.00,[]
LOC-OUT-0000098,QUOTE-LOC-OUT-0000098,COMPLETED,REF-LOC-OUT-0000098,ACC-R8005-001,OUTWARD,R8005,2026-03-12 15:49:00,RET-BEN-000017,880100000001,417.50,417.50,SERVICE_PAYMENT,Monthly Service Payment,FTS,AE070330000800000000005,0.00,[]
LOC-OUT-0000099,QUOTE-LOC-OUT-0000099,COMPLETED,REF-LOC-OUT-0000099,ACC-R8005-001,OUTWARD,R8005,2026-05-12 15:49:00,RET-BEN-000017,880100000001,425.00,425.00,SERVICE_PAYMENT,Monthly Service Payment,FTS,AE070330000800000000005,0.00,[]
LOC-OUT-0000100,QUOTE-LOC-OUT-0000100,COMPLETED,REF-LOC-OUT-0000100,ACC-R8005-001,OUTWARD,R8005,2026-07-12 15:49:00,RET-BEN-000017,880100000001,432.50,432.50,SERVICE_PAYMENT,Monthly Service Payment,FTS,AE070330000800000000005,0.00,[]
LOC-OUT-0000103,QUOTE-LOC-OUT-0000103,COMPLETED,REF-LOC-OUT-0000103,ACC-R8006-001,OUTWARD,R8006,2025-11-13 16:56:00,RET-BEN-000018,880100000001,435.00,435.00,SERVICE_PAYMENT,Monthly Service Payment,FTS,AE070330000800000000006,0.00,[]
LOC-OUT-0000104,QUOTE-LOC-OUT-0000104,COMPLETED,REF-LOC-OUT-0000104,ACC-R8006-001,OUTWARD,R8006,2026-01-13 16:56:00,RET-BEN-000018,880100000001,442.50,442.50,SERVICE_PAYMENT,Monthly Service Payment,FTS,AE070330000800000000006,0.00,[]
LOC-OUT-0000106,QUOTE-LOC-OUT-0000106,COMPLETED,REF-LOC-OUT-0000106,ACC-R8007-001,OUTWARD,R8007,2025-11-14 08:03:00,RET-BEN-000019,880100000001,175.00,175.00,SERVICE_PAYMENT,Monthly Service Payment,FTS,AE070330000800000000007,0.00,[]
LOC-OUT-0000107,QUOTE-LOC-OUT-0000107,COMPLETED,REF-LOC-OUT-0000107,ACC-R8007-001,OUTWARD,R8007,2026-01-14 08:03:00,RET-BEN-000019,880100000001,182.50,182.50,SERVICE_PAYMENT,Monthly Service Payment,FTS,AE070330000800000000007,0.00,[]
LOC-OUT-0000108,QUOTE-LOC-OUT-0000108,COMPLETED,REF-LOC-OUT-0000108,ACC-R8007-001,OUTWARD,R8007,2026-03-14 08:03:00,RET-BEN-000019,880100000001,190.00,190.00,SERVICE_PAYMENT,Monthly Service Payment,FTS,AE070330000800000000007,0.00,[]
LOC-OUT-0000111,QUOTE-LOC-OUT-0000111,COMPLETED,REF-LOC-OUT-0000111,ACC-R8008-001,OUTWARD,R8008,2025-11-15 09:10:00,RET-BEN-000020,880100000001,207.50,207.50,SERVICE_PAYMENT,Monthly Service Payment,FTS,AE070330000800000000008,0.00,[]
LOC-OUT-0000112,QUOTE-LOC-OUT-0000112,COMPLETED,REF-LOC-OUT-0000112,ACC-R8008-001,OUTWARD,R8008,2026-01-15 09:10:00,RET-BEN-000020,880100000001,215.00,215.00,SERVICE_PAYMENT,Monthly Service Payment,FTS,AE070330000800000000008,0.00,[]
LOC-OUT-0000113,QUOTE-LOC-OUT-0000113,COMPLETED,REF-LOC-OUT-0000113,ACC-R8008-001,OUTWARD,R8008,2026-03-15 09:10:00,RET-BEN-000020,880100000001,222.50,222.50,SERVICE_PAYMENT,Monthly Service Payment,FTS,AE070330000800000000008,0.00,[]
LOC-OUT-0000114,QUOTE-LOC-OUT-0000114,COMPLETED,REF-LOC-OUT-0000114,ACC-R8008-001,OUTWARD,R8008,2026-05-15 09:10:00,RET-BEN-000020,880100000001,230.00,230.00,SERVICE_PAYMENT,Monthly Service Payment,FTS,AE070330000800000000008,0.00,[]
LOC-OUT-0000116,QUOTE-LOC-OUT-0000116,COMPLETED,REF-LOC-OUT-0000116,ACC-R8009-001,OUTWARD,R8009,2025-11-16 10:17:00,RET-BEN-000021,880100000001,240.00,240.00,SERVICE_PAYMENT,Monthly Service Payment,FTS,AE070330000800000000009,0.00,[]
LOC-OUT-0000117,QUOTE-LOC-OUT-0000117,COMPLETED,REF-LOC-OUT-0000117,ACC-R8009-001,OUTWARD,R8009,2026-01-16 10:17:00,RET-BEN-000021,880100000001,247.50,247.50,SERVICE_PAYMENT,Monthly Service Payment,FTS,AE070330000800000000009,0.00,[]
LOC-OUT-0000118,QUOTE-LOC-OUT-0000118,COMPLETED,REF-LOC-OUT-0000118,ACC-R8009-001,OUTWARD,R8009,2026-03-16 10:17:00,RET-BEN-000021,880100000001,255.00,255.00,SERVICE_PAYMENT,Monthly Service Payment,FTS,AE070330000800000000009,0.00,[]
LOC-OUT-0000119,QUOTE-LOC-OUT-0000119,COMPLETED,REF-LOC-OUT-0000119,ACC-R8009-001,OUTWARD,R8009,2026-05-16 10:17:00,RET-BEN-000021,880100000001,262.50,262.50,SERVICE_PAYMENT,Monthly Service Payment,FTS,AE070330000800000000009,0.00,[]
LOC-OUT-0000122,QUOTE-LOC-OUT-0000122,COMPLETED,REF-LOC-OUT-0000122,ACC-R8010-001,OUTWARD,R8010,2025-11-17 11:24:00,RET-BEN-000022,880100000001,272.50,272.50,SERVICE_PAYMENT,Monthly Service Payment,FTS,AE070330000800000000010,0.00,[]
LOC-OUT-0000123,QUOTE-LOC-OUT-0000123,COMPLETED,REF-LOC-OUT-0000123,ACC-R8010-001,OUTWARD,R8010,2026-01-17 11:24:00,RET-BEN-000022,880100000001,280.00,280.00,SERVICE_PAYMENT,Monthly Service Payment,FTS,AE070330000800000000010,0.00,[]
LOC-OUT-0000125,QUOTE-LOC-OUT-0000125,COMPLETED,REF-LOC-OUT-0000125,ACC-R8011-001,OUTWARD,R8011,2025-11-18 12:31:00,RET-BEN-000023,880100000001,305.00,305.00,SERVICE_PAYMENT,Monthly Service Payment,FTS,AE070330000800000000011,0.00,[]
LOC-OUT-0000126,QUOTE-LOC-OUT-0000126,COMPLETED,REF-LOC-OUT-0000126,ACC-R8011-001,OUTWARD,R8011,2026-01-18 12:31:00,RET-BEN-000023,880100000001,312.50,312.50,SERVICE_PAYMENT,Monthly Service Payment,FTS,AE070330000800000000011,0.00,[]
LOC-OUT-0000127,QUOTE-LOC-OUT-0000127,COMPLETED,REF-LOC-OUT-0000127,ACC-R8011-001,OUTWARD,R8011,2026-03-18 12:31:00,RET-BEN-000023,880100000001,320.00,320.00,SERVICE_PAYMENT,Monthly Service Payment,FTS,AE070330000800000000011,0.00,[]
LOC-OUT-0000130,QUOTE-LOC-OUT-0000130,COMPLETED,REF-LOC-OUT-0000130,ACC-R8012-001,OUTWARD,R8012,2025-11-19 13:38:00,RET-BEN-000024,880100000001,337.50,337.50,SERVICE_PAYMENT,Monthly Service Payment,FTS,AE070330000800000000012,0.00,[]
LOC-OUT-0000131,QUOTE-LOC-OUT-0000131,COMPLETED,REF-LOC-OUT-0000131,ACC-R8012-001,OUTWARD,R8012,2026-01-19 13:38:00,RET-BEN-000024,880100000001,345.00,345.00,SERVICE_PAYMENT,Monthly Service Payment,FTS,AE070330000800000000012,0.00,[]
LOC-OUT-0000132,QUOTE-LOC-OUT-0000132,COMPLETED,REF-LOC-OUT-0000132,ACC-R8012-001,OUTWARD,R8012,2026-03-19 13:38:00,RET-BEN-000024,880100000001,352.50,352.50,SERVICE_PAYMENT,Monthly Service Payment,FTS,AE070330000800000000012,0.00,[]
LOC-OUT-0000133,QUOTE-LOC-OUT-0000133,COMPLETED,REF-LOC-OUT-0000133,ACC-R8012-001,OUTWARD,R8012,2026-05-19 13:38:00,RET-BEN-000024,880100000001,360.00,360.00,SERVICE_PAYMENT,Monthly Service Payment,FTS,AE070330000800000000012,0.00,[]
LOC-OUT-0000135,QUOTE-LOC-OUT-0000135,COMPLETED,REF-LOC-OUT-0000135,ACC-R8013-001,OUTWARD,R8013,2025-11-20 14:45:00,RET-BEN-000025,880100000001,370.00,370.00,SERVICE_PAYMENT,Monthly Service Payment,FTS,AE070330000800000000013,0.00,[]
LOC-OUT-0000136,QUOTE-LOC-OUT-0000136,COMPLETED,REF-LOC-OUT-0000136,ACC-R8013-001,OUTWARD,R8013,2026-01-20 14:45:00,RET-BEN-000025,880100000001,377.50,377.50,SERVICE_PAYMENT,Monthly Service Payment,FTS,AE070330000800000000013,0.00,[]
LOC-OUT-0000137,QUOTE-LOC-OUT-0000137,COMPLETED,REF-LOC-OUT-0000137,ACC-R8013-001,OUTWARD,R8013,2026-03-20 14:45:00,RET-BEN-000025,880100000001,385.00,385.00,SERVICE_PAYMENT,Monthly Service Payment,FTS,AE070330000800000000013,0.00,[]
LOC-OUT-0000138,QUOTE-LOC-OUT-0000138,COMPLETED,REF-LOC-OUT-0000138,ACC-R8013-001,OUTWARD,R8013,2026-05-20 14:45:00,RET-BEN-000025,880100000001,392.50,392.50,SERVICE_PAYMENT,Monthly Service Payment,FTS,AE070330000800000000013,0.00,[]
LOC-OUT-0000141,QUOTE-LOC-OUT-0000141,COMPLETED,REF-LOC-OUT-0000141,ACC-R8014-001,OUTWARD,R8014,2025-11-21 15:52:00,RET-BEN-000026,880100000001,402.50,402.50,SERVICE_PAYMENT,Monthly Service Payment,FTS,AE070330000800000000014,0.00,[]
LOC-OUT-0000142,QUOTE-LOC-OUT-0000142,COMPLETED,REF-LOC-OUT-0000142,ACC-R8014-001,OUTWARD,R8014,2026-01-21 15:52:00,RET-BEN-000026,880100000001,410.00,410.00,SERVICE_PAYMENT,Monthly Service Payment,FTS,AE070330000800000000014,0.00,[]
LOC-OUT-0000144,QUOTE-LOC-OUT-0000144,COMPLETED,REF-LOC-OUT-0000144,ACC-R8015-001,OUTWARD,R8015,2025-11-22 16:59:00,RET-BEN-000027,880100000001,435.00,435.00,SERVICE_PAYMENT,Monthly Service Payment,FTS,AE070330000800000000015,0.00,[]
LOC-OUT-0000145,QUOTE-LOC-OUT-0000145,COMPLETED,REF-LOC-OUT-0000145,ACC-R8015-001,OUTWARD,R8015,2026-01-22 16:59:00,RET-BEN-000027,880100000001,442.50,442.50,SERVICE_PAYMENT,Monthly Service Payment,FTS,AE070330000800000000015,0.00,[]
LOC-OUT-0000146,QUOTE-LOC-OUT-0000146,COMPLETED,REF-LOC-OUT-0000146,ACC-R8015-001,OUTWARD,R8015,2026-03-22 16:59:00,RET-BEN-000027,880100000001,450.00,450.00,SERVICE_PAYMENT,Monthly Service Payment,FTS,AE070330000800000000015,0.00,[]
LOC-OUT-0000149,QUOTE-LOC-OUT-0000149,COMPLETED,REF-LOC-OUT-0000149,ACC-R8016-001,OUTWARD,R8016,2025-11-23 08:06:00,RET-BEN-000028,880100000001,175.00,175.00,SERVICE_PAYMENT,Monthly Service Payment,FTS,AE070330000800000000016,0.00,[]
LOC-OUT-0000150,QUOTE-LOC-OUT-0000150,COMPLETED,REF-LOC-OUT-0000150,ACC-R8016-001,OUTWARD,R8016,2026-01-23 08:06:00,RET-BEN-000028,880100000001,182.50,182.50,SERVICE_PAYMENT,Monthly Service Payment,FTS,AE070330000800000000016,0.00,[]
LOC-OUT-0000151,QUOTE-LOC-OUT-0000151,COMPLETED,REF-LOC-OUT-0000151,ACC-R8016-001,OUTWARD,R8016,2026-03-23 08:06:00,RET-BEN-000028,880100000001,190.00,190.00,SERVICE_PAYMENT,Monthly Service Payment,FTS,AE070330000800000000016,0.00,[]
LOC-OUT-0000152,QUOTE-LOC-OUT-0000152,COMPLETED,REF-LOC-OUT-0000152,ACC-R8016-001,OUTWARD,R8016,2026-05-23 08:06:00,RET-BEN-000028,880100000001,197.50,197.50,SERVICE_PAYMENT,Monthly Service Payment,FTS,AE070330000800000000016,0.00,[]
LOC-OUT-0000154,QUOTE-LOC-OUT-0000154,COMPLETED,REF-LOC-OUT-0000154,ACC-R8017-001,OUTWARD,R8017,2025-11-24 09:13:00,RET-BEN-000029,880100000001,207.50,207.50,SERVICE_PAYMENT,Monthly Service Payment,FTS,AE070330000800000000017,0.00,[]
LOC-OUT-0000155,QUOTE-LOC-OUT-0000155,COMPLETED,REF-LOC-OUT-0000155,ACC-R8017-001,OUTWARD,R8017,2026-01-24 09:13:00,RET-BEN-000029,880100000001,215.00,215.00,SERVICE_PAYMENT,Monthly Service Payment,FTS,AE070330000800000000017,0.00,[]
LOC-OUT-0000156,QUOTE-LOC-OUT-0000156,COMPLETED,REF-LOC-OUT-0000156,ACC-R8017-001,OUTWARD,R8017,2026-03-24 09:13:00,RET-BEN-000029,880100000001,222.50,222.50,SERVICE_PAYMENT,Monthly Service Payment,FTS,AE070330000800000000017,0.00,[]
LOC-OUT-0000157,QUOTE-LOC-OUT-0000157,COMPLETED,REF-LOC-OUT-0000157,ACC-R8017-001,OUTWARD,R8017,2026-05-24 09:13:00,RET-BEN-000029,880100000001,230.00,230.00,SERVICE_PAYMENT,Monthly Service Payment,FTS,AE070330000800000000017,0.00,[]
LOC-OUT-0000160,QUOTE-LOC-OUT-0000160,COMPLETED,REF-LOC-OUT-0000160,ACC-R8018-001,OUTWARD,R8018,2025-11-25 10:20:00,RET-BEN-000030,880100000001,240.00,240.00,SERVICE_PAYMENT,Monthly Service Payment,FTS,AE070330000800000000018,0.00,[]
LOC-OUT-0000161,QUOTE-LOC-OUT-0000161,COMPLETED,REF-LOC-OUT-0000161,ACC-R8018-001,OUTWARD,R8018,2026-01-25 10:20:00,RET-BEN-000030,880100000001,247.50,247.50,SERVICE_PAYMENT,Monthly Service Payment,FTS,AE070330000800000000018,0.00,[]
LOC-OUT-0000163,QUOTE-LOC-OUT-0000163,COMPLETED,REF-LOC-OUT-0000163,ACC-R8019-001,OUTWARD,R8019,2025-11-26 11:27:00,RET-BEN-000031,880100000001,272.50,272.50,SERVICE_PAYMENT,Monthly Service Payment,FTS,AE070330000800000000019,0.00,[]
LOC-OUT-0000164,QUOTE-LOC-OUT-0000164,COMPLETED,REF-LOC-OUT-0000164,ACC-R8019-001,OUTWARD,R8019,2026-01-26 11:27:00,RET-BEN-000031,880100000001,280.00,280.00,SERVICE_PAYMENT,Monthly Service Payment,FTS,AE070330000800000000019,0.00,[]
LOC-OUT-0000165,QUOTE-LOC-OUT-0000165,COMPLETED,REF-LOC-OUT-0000165,ACC-R8019-001,OUTWARD,R8019,2026-03-26 11:27:00,RET-BEN-000031,880100000001,287.50,287.50,SERVICE_PAYMENT,Monthly Service Payment,FTS,AE070330000800000000019,0.00,[]
LOC-OUT-0000168,QUOTE-LOC-OUT-0000168,COMPLETED,REF-LOC-OUT-0000168,ACC-R8020-001,OUTWARD,R8020,2025-11-27 12:34:00,RET-BEN-000032,880100000001,305.00,305.00,SERVICE_PAYMENT,Monthly Service Payment,FTS,AE070330000800000000020,0.00,[]
LOC-OUT-0000169,QUOTE-LOC-OUT-0000169,COMPLETED,REF-LOC-OUT-0000169,ACC-R8020-001,OUTWARD,R8020,2026-01-27 12:34:00,RET-BEN-000032,880100000001,312.50,312.50,SERVICE_PAYMENT,Monthly Service Payment,FTS,AE070330000800000000020,0.00,[]
LOC-OUT-0000170,QUOTE-LOC-OUT-0000170,COMPLETED,REF-LOC-OUT-0000170,ACC-R8020-001,OUTWARD,R8020,2026-03-27 12:34:00,RET-BEN-000032,880100000001,320.00,320.00,SERVICE_PAYMENT,Monthly Service Payment,FTS,AE070330000800000000020,0.00,[]
LOC-OUT-0000171,QUOTE-LOC-OUT-0000171,COMPLETED,REF-LOC-OUT-0000171,ACC-R8020-001,OUTWARD,R8020,2026-05-27 12:34:00,RET-BEN-000032,880100000001,327.50,327.50,SERVICE_PAYMENT,Monthly Service Payment,FTS,AE070330000800000000020,0.00,[]
LOC-OUT-0000173,QUOTE-LOC-OUT-0000173,COMPLETED,REF-LOC-OUT-0000173,ACC-R8021-001,OUTWARD,R8021,2025-11-28 13:41:00,RET-BEN-000033,880100000001,337.50,337.50,SERVICE_PAYMENT,Monthly Service Payment,FTS,AE070330000800000000021,0.00,[]
LOC-OUT-0000174,QUOTE-LOC-OUT-0000174,COMPLETED,REF-LOC-OUT-0000174,ACC-R8021-001,OUTWARD,R8021,2026-01-28 13:41:00,RET-BEN-000033,880100000001,345.00,345.00,SERVICE_PAYMENT,Monthly Service Payment,FTS,AE070330000800000000021,0.00,[]
LOC-OUT-0000175,QUOTE-LOC-OUT-0000175,COMPLETED,REF-LOC-OUT-0000175,ACC-R8021-001,OUTWARD,R8021,2026-03-28 13:41:00,RET-BEN-000033,880100000001,352.50,352.50,SERVICE_PAYMENT,Monthly Service Payment,FTS,AE070330000800000000021,0.00,[]
LOC-OUT-0000176,QUOTE-LOC-OUT-0000176,COMPLETED,REF-LOC-OUT-0000176,ACC-R8021-001,OUTWARD,R8021,2026-05-28 13:41:00,RET-BEN-000033,880100000001,360.00,360.00,SERVICE_PAYMENT,Monthly Service Payment,FTS,AE070330000800000000021,0.00,[]
LOC-OUT-0000179,QUOTE-LOC-OUT-0000179,COMPLETED,REF-LOC-OUT-0000179,ACC-R8022-001,OUTWARD,R8022,2025-11-05 14:48:00,RET-BEN-000034,880100000001,370.00,370.00,SERVICE_PAYMENT,Monthly Service Payment,FTS,AE070330000800000000022,0.00,[]
LOC-OUT-0000180,QUOTE-LOC-OUT-0000180,COMPLETED,REF-LOC-OUT-0000180,ACC-R8022-001,OUTWARD,R8022,2026-01-05 14:48:00,RET-BEN-000034,880100000001,377.50,377.50,SERVICE_PAYMENT,Monthly Service Payment,FTS,AE070330000800000000022,0.00,[]
LOC-OUT-0000182,QUOTE-LOC-OUT-0000182,COMPLETED,REF-LOC-OUT-0000182,ACC-R8023-001,OUTWARD,R8023,2025-11-06 15:55:00,RET-BEN-000035,880100000001,402.50,402.50,SERVICE_PAYMENT,Monthly Service Payment,FTS,AE070330000800000000023,0.00,[]
LOC-OUT-0000183,QUOTE-LOC-OUT-0000183,COMPLETED,REF-LOC-OUT-0000183,ACC-R8023-001,OUTWARD,R8023,2026-01-06 15:55:00,RET-BEN-000035,880100000001,410.00,410.00,SERVICE_PAYMENT,Monthly Service Payment,FTS,AE070330000800000000023,0.00,[]
LOC-OUT-0000184,QUOTE-LOC-OUT-0000184,COMPLETED,REF-LOC-OUT-0000184,ACC-R8023-001,OUTWARD,R8023,2026-03-06 15:55:00,RET-BEN-000035,880100000001,417.50,417.50,SERVICE_PAYMENT,Monthly Service Payment,FTS,AE070330000800000000023,0.00,[]
LOC-OUT-0000187,QUOTE-LOC-OUT-0000187,COMPLETED,REF-LOC-OUT-0000187,ACC-R8024-001,OUTWARD,R8024,2025-11-07 16:02:00,RET-BEN-000036,880100000001,435.00,435.00,SERVICE_PAYMENT,Monthly Service Payment,FTS,AE070330000800000000024,0.00,[]
LOC-OUT-0000188,QUOTE-LOC-OUT-0000188,COMPLETED,REF-LOC-OUT-0000188,ACC-R8024-001,OUTWARD,R8024,2026-01-07 16:02:00,RET-BEN-000036,880100000001,442.50,442.50,SERVICE_PAYMENT,Monthly Service Payment,FTS,AE070330000800000000024,0.00,[]
LOC-OUT-0000189,QUOTE-LOC-OUT-0000189,COMPLETED,REF-LOC-OUT-0000189,ACC-R8024-001,OUTWARD,R8024,2026-03-07 16:02:00,RET-BEN-000036,880100000001,450.00,450.00,SERVICE_PAYMENT,Monthly Service Payment,FTS,AE070330000800000000024,0.00,[]
LOC-OUT-0000190,QUOTE-LOC-OUT-0000190,COMPLETED,REF-LOC-OUT-0000190,ACC-R8024-001,OUTWARD,R8024,2026-05-07 16:02:00,RET-BEN-000036,880100000001,457.50,457.50,SERVICE_PAYMENT,Monthly Service Payment,FTS,AE070330000800000000024,0.00,[]
LOC-OUT-0000192,QUOTE-LOC-OUT-0000192,COMPLETED,REF-LOC-OUT-0000192,ACC-R8025-001,OUTWARD,R8025,2025-11-08 08:09:00,RET-BEN-000037,880100000001,175.00,175.00,SERVICE_PAYMENT,Monthly Service Payment,FTS,AE070330000800000000025,0.00,[]
LOC-OUT-0000193,QUOTE-LOC-OUT-0000193,COMPLETED,REF-LOC-OUT-0000193,ACC-R8025-001,OUTWARD,R8025,2026-01-08 08:09:00,RET-BEN-000037,880100000001,182.50,182.50,SERVICE_PAYMENT,Monthly Service Payment,FTS,AE070330000800000000025,0.00,[]
LOC-OUT-0000194,QUOTE-LOC-OUT-0000194,COMPLETED,REF-LOC-OUT-0000194,ACC-R8025-001,OUTWARD,R8025,2026-03-08 08:09:00,RET-BEN-000037,880100000001,190.00,190.00,SERVICE_PAYMENT,Monthly Service Payment,FTS,AE070330000800000000025,0.00,[]
LOC-OUT-0000195,QUOTE-LOC-OUT-0000195,COMPLETED,REF-LOC-OUT-0000195,ACC-R8025-001,OUTWARD,R8025,2026-05-08 08:09:00,RET-BEN-000037,880100000001,197.50,197.50,SERVICE_PAYMENT,Monthly Service Payment,FTS,AE070330000800000000025,0.00,[]
LOC-OUT-0000196,QUOTE-LOC-OUT-0000196,COMPLETED,REF-LOC-OUT-0000196,ACC-R8025-001,OUTWARD,R8025,2026-07-08 08:09:00,RET-BEN-000037,880100000001,205.00,205.00,SERVICE_PAYMENT,Monthly Service Payment,FTS,AE070330000800000000025,0.00,[]
LOC-OUT-0000199,QUOTE-LOC-OUT-0000199,COMPLETED,REF-LOC-OUT-0000199,ACC-R8026-001,OUTWARD,R8026,2025-11-09 09:16:00,RET-BEN-000038,880100000001,207.50,207.50,SERVICE_PAYMENT,Monthly Service Payment,FTS,AE070330000800000000026,0.00,[]
LOC-OUT-0000200,QUOTE-LOC-OUT-0000200,COMPLETED,REF-LOC-OUT-0000200,ACC-R8026-001,OUTWARD,R8026,2026-01-09 09:16:00,RET-BEN-000038,880100000001,215.00,215.00,SERVICE_PAYMENT,Monthly Service Payment,FTS,AE070330000800000000026,0.00,[]
LOC-OUT-0000202,QUOTE-LOC-OUT-0000202,COMPLETED,REF-LOC-OUT-0000202,ACC-R8027-001,OUTWARD,R8027,2025-11-10 10:23:00,RET-BEN-000039,880100000001,240.00,240.00,SERVICE_PAYMENT,Monthly Service Payment,FTS,AE070330000800000000027,0.00,[]
LOC-OUT-0000203,QUOTE-LOC-OUT-0000203,COMPLETED,REF-LOC-OUT-0000203,ACC-R8027-001,OUTWARD,R8027,2026-01-10 10:23:00,RET-BEN-000039,880100000001,247.50,247.50,SERVICE_PAYMENT,Monthly Service Payment,FTS,AE070330000800000000027,0.00,[]
LOC-OUT-0000204,QUOTE-LOC-OUT-0000204,COMPLETED,REF-LOC-OUT-0000204,ACC-R8027-001,OUTWARD,R8027,2026-03-10 10:23:00,RET-BEN-000039,880100000001,255.00,255.00,SERVICE_PAYMENT,Monthly Service Payment,FTS,AE070330000800000000027,0.00,[]
LOC-OUT-0000207,QUOTE-LOC-OUT-0000207,COMPLETED,REF-LOC-OUT-0000207,ACC-R8028-001,OUTWARD,R8028,2025-11-11 11:30:00,RET-BEN-000040,880100000001,272.50,272.50,SERVICE_PAYMENT,Monthly Service Payment,FTS,AE070330000800000000028,0.00,[]
LOC-OUT-0000208,QUOTE-LOC-OUT-0000208,COMPLETED,REF-LOC-OUT-0000208,ACC-R8028-001,OUTWARD,R8028,2026-01-11 11:30:00,RET-BEN-000040,880100000001,280.00,280.00,SERVICE_PAYMENT,Monthly Service Payment,FTS,AE070330000800000000028,0.00,[]
LOC-OUT-0000209,QUOTE-LOC-OUT-0000209,COMPLETED,REF-LOC-OUT-0000209,ACC-R8028-001,OUTWARD,R8028,2026-03-11 11:30:00,RET-BEN-000040,880100000001,287.50,287.50,SERVICE_PAYMENT,Monthly Service Payment,FTS,AE070330000800000000028,0.00,[]
LOC-OUT-0000210,QUOTE-LOC-OUT-0000210,COMPLETED,REF-LOC-OUT-0000210,ACC-R8028-001,OUTWARD,R8028,2026-05-11 11:30:00,RET-BEN-000040,880100000001,295.00,295.00,SERVICE_PAYMENT,Monthly Service Payment,FTS,AE070330000800000000028,0.00,[]
LOC-OUT-0000212,QUOTE-LOC-OUT-0000212,COMPLETED,REF-LOC-OUT-0000212,ACC-R8029-001,OUTWARD,R8029,2025-11-12 12:37:00,RET-BEN-000041,880100000001,305.00,305.00,SERVICE_PAYMENT,Monthly Service Payment,FTS,AE070330000800000000029,0.00,[]
LOC-OUT-0000213,QUOTE-LOC-OUT-0000213,COMPLETED,REF-LOC-OUT-0000213,ACC-R8029-001,OUTWARD,R8029,2026-01-12 12:37:00,RET-BEN-000041,880100000001,312.50,312.50,SERVICE_PAYMENT,Monthly Service Payment,FTS,AE070330000800000000029,0.00,[]
LOC-OUT-0000214,QUOTE-LOC-OUT-0000214,COMPLETED,REF-LOC-OUT-0000214,ACC-R8029-001,OUTWARD,R8029,2026-03-12 12:37:00,RET-BEN-000041,880100000001,320.00,320.00,SERVICE_PAYMENT,Monthly Service Payment,FTS,AE070330000800000000029,0.00,[]
LOC-OUT-0000215,QUOTE-LOC-OUT-0000215,COMPLETED,REF-LOC-OUT-0000215,ACC-R8029-001,OUTWARD,R8029,2026-05-12 12:37:00,RET-BEN-000041,880100000001,327.50,327.50,SERVICE_PAYMENT,Monthly Service Payment,FTS,AE070330000800000000029,0.00,[]
LOC-OUT-0000216,QUOTE-LOC-OUT-0000216,COMPLETED,REF-LOC-OUT-0000216,ACC-R8029-001,OUTWARD,R8029,2026-07-12 12:37:00,RET-BEN-000041,880100000001,335.00,335.00,SERVICE_PAYMENT,Monthly Service Payment,FTS,AE070330000800000000029,0.00,[]
LOC-OUT-0000219,QUOTE-LOC-OUT-0000219,COMPLETED,REF-LOC-OUT-0000219,ACC-R8030-001,OUTWARD,R8030,2025-11-13 13:44:00,RET-BEN-000042,880100000001,337.50,337.50,SERVICE_PAYMENT,Monthly Service Payment,FTS,AE070330000800000000030,0.00,[]
LOC-OUT-0000220,QUOTE-LOC-OUT-0000220,COMPLETED,REF-LOC-OUT-0000220,ACC-R8030-001,OUTWARD,R8030,2026-01-13 13:44:00,RET-BEN-000042,880100000001,345.00,345.00,SERVICE_PAYMENT,Monthly Service Payment,FTS,AE070330000800000000030,0.00,[]
LOC-OUT-0000222,QUOTE-LOC-OUT-0000222,COMPLETED,REF-LOC-OUT-0000222,ACC-R8031-001,OUTWARD,R8031,2025-11-14 14:51:00,RET-BEN-000043,880100000001,370.00,370.00,SERVICE_PAYMENT,Monthly Service Payment,FTS,AE070330000800000000031,0.00,[]
LOC-OUT-0000223,QUOTE-LOC-OUT-0000223,COMPLETED,REF-LOC-OUT-0000223,ACC-R8031-001,OUTWARD,R8031,2026-01-14 14:51:00,RET-BEN-000043,880100000001,377.50,377.50,SERVICE_PAYMENT,Monthly Service Payment,FTS,AE070330000800000000031,0.00,[]
LOC-OUT-0000224,QUOTE-LOC-OUT-0000224,COMPLETED,REF-LOC-OUT-0000224,ACC-R8031-001,OUTWARD,R8031,2026-03-14 14:51:00,RET-BEN-000043,880100000001,385.00,385.00,SERVICE_PAYMENT,Monthly Service Payment,FTS,AE070330000800000000031,0.00,[]
LOC-OUT-0000227,QUOTE-LOC-OUT-0000227,COMPLETED,REF-LOC-OUT-0000227,ACC-R8032-001,OUTWARD,R8032,2025-11-15 15:58:00,RET-BEN-000044,880100000001,402.50,402.50,SERVICE_PAYMENT,Monthly Service Payment,FTS,AE070330000800000000032,0.00,[]
LOC-OUT-0000228,QUOTE-LOC-OUT-0000228,COMPLETED,REF-LOC-OUT-0000228,ACC-R8032-001,OUTWARD,R8032,2026-01-15 15:58:00,RET-BEN-000044,880100000001,410.00,410.00,SERVICE_PAYMENT,Monthly Service Payment,FTS,AE070330000800000000032,0.00,[]
LOC-OUT-0000229,QUOTE-LOC-OUT-0000229,COMPLETED,REF-LOC-OUT-0000229,ACC-R8032-001,OUTWARD,R8032,2026-03-15 15:58:00,RET-BEN-000044,880100000001,417.50,417.50,SERVICE_PAYMENT,Monthly Service Payment,FTS,AE070330000800000000032,0.00,[]
LOC-OUT-0000230,QUOTE-LOC-OUT-0000230,COMPLETED,REF-LOC-OUT-0000230,ACC-R8032-001,OUTWARD,R8032,2026-05-15 15:58:00,RET-BEN-000044,880100000001,425.00,425.00,SERVICE_PAYMENT,Monthly Service Payment,FTS,AE070330000800000000032,0.00,[]
LOC-OUT-0000232,QUOTE-LOC-OUT-0000232,COMPLETED,REF-LOC-OUT-0000232,ACC-R8033-001,OUTWARD,R8033,2025-11-16 16:05:00,RET-BEN-000045,880100000001,435.00,435.00,SERVICE_PAYMENT,Monthly Service Payment,FTS,AE070330000800000000033,0.00,[]
LOC-OUT-0000233,QUOTE-LOC-OUT-0000233,COMPLETED,REF-LOC-OUT-0000233,ACC-R8033-001,OUTWARD,R8033,2026-01-16 16:05:00,RET-BEN-000045,880100000001,442.50,442.50,SERVICE_PAYMENT,Monthly Service Payment,FTS,AE070330000800000000033,0.00,[]
LOC-OUT-0000234,QUOTE-LOC-OUT-0000234,COMPLETED,REF-LOC-OUT-0000234,ACC-R8033-001,OUTWARD,R8033,2026-03-16 16:05:00,RET-BEN-000045,880100000001,450.00,450.00,SERVICE_PAYMENT,Monthly Service Payment,FTS,AE070330000800000000033,0.00,[]
LOC-OUT-0000235,QUOTE-LOC-OUT-0000235,COMPLETED,REF-LOC-OUT-0000235,ACC-R8033-001,OUTWARD,R8033,2026-05-16 16:05:00,RET-BEN-000045,880100000001,457.50,457.50,SERVICE_PAYMENT,Monthly Service Payment,FTS,AE070330000800000000033,0.00,[]
LOC-OUT-0000238,QUOTE-LOC-OUT-0000238,COMPLETED,REF-LOC-OUT-0000238,ACC-R8034-001,OUTWARD,R8034,2025-11-17 08:12:00,RET-BEN-000046,880100000001,175.00,175.00,SERVICE_PAYMENT,Monthly Service Payment,FTS,AE070330000800000000034,0.00,[]
LOC-OUT-0000239,QUOTE-LOC-OUT-0000239,COMPLETED,REF-LOC-OUT-0000239,ACC-R8034-001,OUTWARD,R8034,2026-01-17 08:12:00,RET-BEN-000046,880100000001,182.50,182.50,SERVICE_PAYMENT,Monthly Service Payment,FTS,AE070330000800000000034,0.00,[]
LOC-OUT-0000241,QUOTE-LOC-OUT-0000241,COMPLETED,REF-LOC-OUT-0000241,ACC-R8035-001,OUTWARD,R8035,2025-11-18 09:19:00,RET-BEN-000047,880100000001,207.50,207.50,SERVICE_PAYMENT,Monthly Service Payment,FTS,AE070330000800000000035,0.00,[]
LOC-OUT-0000242,QUOTE-LOC-OUT-0000242,COMPLETED,REF-LOC-OUT-0000242,ACC-R8035-001,OUTWARD,R8035,2026-01-18 09:19:00,RET-BEN-000047,880100000001,215.00,215.00,SERVICE_PAYMENT,Monthly Service Payment,FTS,AE070330000800000000035,0.00,[]
LOC-OUT-0000243,QUOTE-LOC-OUT-0000243,COMPLETED,REF-LOC-OUT-0000243,ACC-R8035-001,OUTWARD,R8035,2026-03-18 09:19:00,RET-BEN-000047,880100000001,222.50,222.50,SERVICE_PAYMENT,Monthly Service Payment,FTS,AE070330000800000000035,0.00,[]
LOC-OUT-0000246,QUOTE-LOC-OUT-0000246,COMPLETED,REF-LOC-OUT-0000246,ACC-R8036-001,OUTWARD,R8036,2025-11-19 10:26:00,RET-BEN-000048,880100000001,240.00,240.00,SERVICE_PAYMENT,Monthly Service Payment,FTS,AE070330000800000000036,0.00,[]
LOC-OUT-0000247,QUOTE-LOC-OUT-0000247,COMPLETED,REF-LOC-OUT-0000247,ACC-R8036-001,OUTWARD,R8036,2026-01-19 10:26:00,RET-BEN-000048,880100000001,247.50,247.50,SERVICE_PAYMENT,Monthly Service Payment,FTS,AE070330000800000000036,0.00,[]
LOC-OUT-0000248,QUOTE-LOC-OUT-0000248,COMPLETED,REF-LOC-OUT-0000248,ACC-R8036-001,OUTWARD,R8036,2026-03-19 10:26:00,RET-BEN-000048,880100000001,255.00,255.00,SERVICE_PAYMENT,Monthly Service Payment,FTS,AE070330000800000000036,0.00,[]
LOC-OUT-0000249,QUOTE-LOC-OUT-0000249,COMPLETED,REF-LOC-OUT-0000249,ACC-R8036-001,OUTWARD,R8036,2026-05-19 10:26:00,RET-BEN-000048,880100000001,262.50,262.50,SERVICE_PAYMENT,Monthly Service Payment,FTS,AE070330000800000000036,0.00,[]
LOC-OUT-0000251,QUOTE-LOC-OUT-0000251,COMPLETED,REF-LOC-OUT-0000251,ACC-R8037-001,OUTWARD,R8037,2025-11-20 11:33:00,RET-BEN-000049,880100000001,272.50,272.50,SERVICE_PAYMENT,Monthly Service Payment,FTS,AE070330000800000000037,0.00,[]
LOC-OUT-0000252,QUOTE-LOC-OUT-0000252,COMPLETED,REF-LOC-OUT-0000252,ACC-R8037-001,OUTWARD,R8037,2026-01-20 11:33:00,RET-BEN-000049,880100000001,280.00,280.00,SERVICE_PAYMENT,Monthly Service Payment,FTS,AE070330000800000000037,0.00,[]
LOC-OUT-0000253,QUOTE-LOC-OUT-0000253,COMPLETED,REF-LOC-OUT-0000253,ACC-R8037-001,OUTWARD,R8037,2026-03-20 11:33:00,RET-BEN-000049,880100000001,287.50,287.50,SERVICE_PAYMENT,Monthly Service Payment,FTS,AE070330000800000000037,0.00,[]
LOC-OUT-0000254,QUOTE-LOC-OUT-0000254,COMPLETED,REF-LOC-OUT-0000254,ACC-R8037-001,OUTWARD,R8037,2026-05-20 11:33:00,RET-BEN-000049,880100000001,295.00,295.00,SERVICE_PAYMENT,Monthly Service Payment,FTS,AE070330000800000000037,0.00,[]
LOC-OUT-0000257,QUOTE-LOC-OUT-0000257,COMPLETED,REF-LOC-OUT-0000257,ACC-R8038-001,OUTWARD,R8038,2025-11-21 12:40:00,RET-BEN-000050,880100000001,305.00,305.00,SERVICE_PAYMENT,Monthly Service Payment,FTS,AE070330000800000000038,0.00,[]
LOC-OUT-0000258,QUOTE-LOC-OUT-0000258,COMPLETED,REF-LOC-OUT-0000258,ACC-R8038-001,OUTWARD,R8038,2026-01-21 12:40:00,RET-BEN-000050,880100000001,312.50,312.50,SERVICE_PAYMENT,Monthly Service Payment,FTS,AE070330000800000000038,0.00,[]
LOC-OUT-0000260,QUOTE-LOC-OUT-0000260,COMPLETED,REF-LOC-OUT-0000260,ACC-R8039-001,OUTWARD,R8039,2025-11-22 13:47:00,RET-BEN-000051,880100000001,337.50,337.50,SERVICE_PAYMENT,Monthly Service Payment,FTS,AE070330000800000000039,0.00,[]
LOC-OUT-0000261,QUOTE-LOC-OUT-0000261,COMPLETED,REF-LOC-OUT-0000261,ACC-R8039-001,OUTWARD,R8039,2026-01-22 13:47:00,RET-BEN-000051,880100000001,345.00,345.00,SERVICE_PAYMENT,Monthly Service Payment,FTS,AE070330000800000000039,0.00,[]
LOC-OUT-0000262,QUOTE-LOC-OUT-0000262,COMPLETED,REF-LOC-OUT-0000262,ACC-R8039-001,OUTWARD,R8039,2026-03-22 13:47:00,RET-BEN-000051,880100000001,352.50,352.50,SERVICE_PAYMENT,Monthly Service Payment,FTS,AE070330000800000000039,0.00,[]
LOC-OUT-0000265,QUOTE-LOC-OUT-0000265,COMPLETED,REF-LOC-OUT-0000265,ACC-R8040-001,OUTWARD,R8040,2025-11-23 14:54:00,RET-BEN-000052,880100000001,370.00,370.00,SERVICE_PAYMENT,Monthly Service Payment,FTS,AE070330000800000000040,0.00,[]
LOC-OUT-0000266,QUOTE-LOC-OUT-0000266,COMPLETED,REF-LOC-OUT-0000266,ACC-R8040-001,OUTWARD,R8040,2026-01-23 14:54:00,RET-BEN-000052,880100000001,377.50,377.50,SERVICE_PAYMENT,Monthly Service Payment,FTS,AE070330000800000000040,0.00,[]
LOC-OUT-0000267,QUOTE-LOC-OUT-0000267,COMPLETED,REF-LOC-OUT-0000267,ACC-R8040-001,OUTWARD,R8040,2026-03-23 14:54:00,RET-BEN-000052,880100000001,385.00,385.00,SERVICE_PAYMENT,Monthly Service Payment,FTS,AE070330000800000000040,0.00,[]
LOC-OUT-0000268,QUOTE-LOC-OUT-0000268,COMPLETED,REF-LOC-OUT-0000268,ACC-R8040-001,OUTWARD,R8040,2026-05-23 14:54:00,RET-BEN-000052,880100000001,392.50,392.50,SERVICE_PAYMENT,Monthly Service Payment,FTS,AE070330000800000000040,0.00,[]
LOC-OUT-0000270,QUOTE-LOC-OUT-0000270,COMPLETED,REF-LOC-OUT-0000270,ACC-R8041-001,OUTWARD,R8041,2025-11-24 15:01:00,RET-BEN-000053,880100000001,402.50,402.50,SERVICE_PAYMENT,Monthly Service Payment,FTS,AE070330000800000000041,0.00,[]
LOC-OUT-0000271,QUOTE-LOC-OUT-0000271,COMPLETED,REF-LOC-OUT-0000271,ACC-R8041-001,OUTWARD,R8041,2026-01-24 15:01:00,RET-BEN-000053,880100000001,410.00,410.00,SERVICE_PAYMENT,Monthly Service Payment,FTS,AE070330000800000000041,0.00,[]
LOC-OUT-0000272,QUOTE-LOC-OUT-0000272,COMPLETED,REF-LOC-OUT-0000272,ACC-R8041-001,OUTWARD,R8041,2026-03-24 15:01:00,RET-BEN-000053,880100000001,417.50,417.50,SERVICE_PAYMENT,Monthly Service Payment,FTS,AE070330000800000000041,0.00,[]
LOC-OUT-0000273,QUOTE-LOC-OUT-0000273,COMPLETED,REF-LOC-OUT-0000273,ACC-R8041-001,OUTWARD,R8041,2026-05-24 15:01:00,RET-BEN-000053,880100000001,425.00,425.00,SERVICE_PAYMENT,Monthly Service Payment,FTS,AE070330000800000000041,0.00,[]
LOC-OUT-0000276,QUOTE-LOC-OUT-0000276,COMPLETED,REF-LOC-OUT-0000276,ACC-R8042-001,OUTWARD,R8042,2025-11-25 16:08:00,RET-BEN-000054,880100000001,435.00,435.00,SERVICE_PAYMENT,Monthly Service Payment,FTS,AE070330000800000000042,0.00,[]
LOC-OUT-0000277,QUOTE-LOC-OUT-0000277,COMPLETED,REF-LOC-OUT-0000277,ACC-R8042-001,OUTWARD,R8042,2026-01-25 16:08:00,RET-BEN-000054,880100000001,442.50,442.50,SERVICE_PAYMENT,Monthly Service Payment,FTS,AE070330000800000000042,0.00,[]
LOC-OUT-0000279,QUOTE-LOC-OUT-0000279,COMPLETED,REF-LOC-OUT-0000279,ACC-R8043-001,OUTWARD,R8043,2025-11-26 08:15:00,RET-BEN-000055,880100000001,175.00,175.00,SERVICE_PAYMENT,Monthly Service Payment,FTS,AE070330000800000000043,0.00,[]
LOC-OUT-0000280,QUOTE-LOC-OUT-0000280,COMPLETED,REF-LOC-OUT-0000280,ACC-R8043-001,OUTWARD,R8043,2026-01-26 08:15:00,RET-BEN-000055,880100000001,182.50,182.50,SERVICE_PAYMENT,Monthly Service Payment,FTS,AE070330000800000000043,0.00,[]
LOC-OUT-0000281,QUOTE-LOC-OUT-0000281,COMPLETED,REF-LOC-OUT-0000281,ACC-R8043-001,OUTWARD,R8043,2026-03-26 08:15:00,RET-BEN-000055,880100000001,190.00,190.00,SERVICE_PAYMENT,Monthly Service Payment,FTS,AE070330000800000000043,0.00,[]
LOC-OUT-0000284,QUOTE-LOC-OUT-0000284,COMPLETED,REF-LOC-OUT-0000284,ACC-R8044-001,OUTWARD,R8044,2025-11-27 09:22:00,RET-BEN-000056,880100000001,207.50,207.50,SERVICE_PAYMENT,Monthly Service Payment,FTS,AE070330000800000000044,0.00,[]
LOC-OUT-0000285,QUOTE-LOC-OUT-0000285,COMPLETED,REF-LOC-OUT-0000285,ACC-R8044-001,OUTWARD,R8044,2026-01-27 09:22:00,RET-BEN-000056,880100000001,215.00,215.00,SERVICE_PAYMENT,Monthly Service Payment,FTS,AE070330000800000000044,0.00,[]
LOC-OUT-0000286,QUOTE-LOC-OUT-0000286,COMPLETED,REF-LOC-OUT-0000286,ACC-R8044-001,OUTWARD,R8044,2026-03-27 09:22:00,RET-BEN-000056,880100000001,222.50,222.50,SERVICE_PAYMENT,Monthly Service Payment,FTS,AE070330000800000000044,0.00,[]
LOC-OUT-0000287,QUOTE-LOC-OUT-0000287,COMPLETED,REF-LOC-OUT-0000287,ACC-R8044-001,OUTWARD,R8044,2026-05-27 09:22:00,RET-BEN-000056,880100000001,230.00,230.00,SERVICE_PAYMENT,Monthly Service Payment,FTS,AE070330000800000000044,0.00,[]
LOC-OUT-0000289,QUOTE-LOC-OUT-0000289,COMPLETED,REF-LOC-OUT-0000289,ACC-R8045-001,OUTWARD,R8045,2025-11-28 10:29:00,RET-BEN-000057,880100000001,240.00,240.00,SERVICE_PAYMENT,Monthly Service Payment,FTS,AE070330000800000000045,0.00,[]
LOC-OUT-0000290,QUOTE-LOC-OUT-0000290,COMPLETED,REF-LOC-OUT-0000290,ACC-R8045-001,OUTWARD,R8045,2026-01-28 10:29:00,RET-BEN-000057,880100000001,247.50,247.50,SERVICE_PAYMENT,Monthly Service Payment,FTS,AE070330000800000000045,0.00,[]
LOC-OUT-0000291,QUOTE-LOC-OUT-0000291,COMPLETED,REF-LOC-OUT-0000291,ACC-R8045-001,OUTWARD,R8045,2026-03-28 10:29:00,RET-BEN-000057,880100000001,255.00,255.00,SERVICE_PAYMENT,Monthly Service Payment,FTS,AE070330000800000000045,0.00,[]
LOC-OUT-0000292,QUOTE-LOC-OUT-0000292,COMPLETED,REF-LOC-OUT-0000292,ACC-R8045-001,OUTWARD,R8045,2026-05-28 10:29:00,RET-BEN-000057,880100000001,262.50,262.50,SERVICE_PAYMENT,Monthly Service Payment,FTS,AE070330000800000000045,0.00,[]
LOC-OUT-0000295,QUOTE-LOC-OUT-0000295,COMPLETED,REF-LOC-OUT-0000295,ACC-R8046-001,OUTWARD,R8046,2025-11-05 11:36:00,RET-BEN-000058,880100000001,272.50,272.50,SERVICE_PAYMENT,Monthly Service Payment,FTS,AE070330000800000000046,0.00,[]
LOC-OUT-0000296,QUOTE-LOC-OUT-0000296,COMPLETED,REF-LOC-OUT-0000296,ACC-R8046-001,OUTWARD,R8046,2026-01-05 11:36:00,RET-BEN-000058,880100000001,280.00,280.00,SERVICE_PAYMENT,Monthly Service Payment,FTS,AE070330000800000000046,0.00,[]
LOC-OUT-0000298,QUOTE-LOC-OUT-0000298,COMPLETED,REF-LOC-OUT-0000298,ACC-R8047-001,OUTWARD,R8047,2025-11-06 12:43:00,RET-BEN-000059,880100000001,305.00,305.00,SERVICE_PAYMENT,Monthly Service Payment,FTS,AE070330000800000000047,0.00,[]
LOC-OUT-0000299,QUOTE-LOC-OUT-0000299,COMPLETED,REF-LOC-OUT-0000299,ACC-R8047-001,OUTWARD,R8047,2026-01-06 12:43:00,RET-BEN-000059,880100000001,312.50,312.50,SERVICE_PAYMENT,Monthly Service Payment,FTS,AE070330000800000000047,0.00,[]
LOC-OUT-0000300,QUOTE-LOC-OUT-0000300,COMPLETED,REF-LOC-OUT-0000300,ACC-R8047-001,OUTWARD,R8047,2026-03-06 12:43:00,RET-BEN-000059,880100000001,320.00,320.00,SERVICE_PAYMENT,Monthly Service Payment,FTS,AE070330000800000000047,0.00,[]
LOC-OUT-0000303,QUOTE-LOC-OUT-0000303,COMPLETED,REF-LOC-OUT-0000303,ACC-R8048-001,OUTWARD,R8048,2025-11-07 13:50:00,RET-BEN-000060,880100000001,337.50,337.50,SERVICE_PAYMENT,Monthly Service Payment,FTS,AE070330000800000000048,0.00,[]
LOC-OUT-0000304,QUOTE-LOC-OUT-0000304,COMPLETED,REF-LOC-OUT-0000304,ACC-R8048-001,OUTWARD,R8048,2026-01-07 13:50:00,RET-BEN-000060,880100000001,345.00,345.00,SERVICE_PAYMENT,Monthly Service Payment,FTS,AE070330000800000000048,0.00,[]
LOC-OUT-0000305,QUOTE-LOC-OUT-0000305,COMPLETED,REF-LOC-OUT-0000305,ACC-R8048-001,OUTWARD,R8048,2026-03-07 13:50:00,RET-BEN-000060,880100000001,352.50,352.50,SERVICE_PAYMENT,Monthly Service Payment,FTS,AE070330000800000000048,0.00,[]
LOC-OUT-0000306,QUOTE-LOC-OUT-0000306,COMPLETED,REF-LOC-OUT-0000306,ACC-R8048-001,OUTWARD,R8048,2026-05-07 13:50:00,RET-BEN-000060,880100000001,360.00,360.00,SERVICE_PAYMENT,Monthly Service Payment,FTS,AE070330000800000000048,0.00,[]
LOC-OUT-0000308,QUOTE-LOC-OUT-0000308,COMPLETED,REF-LOC-OUT-0000308,ACC-R8049-001,OUTWARD,R8049,2025-11-08 14:57:00,RET-BEN-000061,880100000001,370.00,370.00,SERVICE_PAYMENT,Monthly Service Payment,FTS,AE070330000800000000049,0.00,[]
LOC-OUT-0000309,QUOTE-LOC-OUT-0000309,COMPLETED,REF-LOC-OUT-0000309,ACC-R8049-001,OUTWARD,R8049,2026-01-08 14:57:00,RET-BEN-000061,880100000001,377.50,377.50,SERVICE_PAYMENT,Monthly Service Payment,FTS,AE070330000800000000049,0.00,[]
LOC-OUT-0000310,QUOTE-LOC-OUT-0000310,COMPLETED,REF-LOC-OUT-0000310,ACC-R8049-001,OUTWARD,R8049,2026-03-08 14:57:00,RET-BEN-000061,880100000001,385.00,385.00,SERVICE_PAYMENT,Monthly Service Payment,FTS,AE070330000800000000049,0.00,[]
LOC-OUT-0000311,QUOTE-LOC-OUT-0000311,COMPLETED,REF-LOC-OUT-0000311,ACC-R8049-001,OUTWARD,R8049,2026-05-08 14:57:00,RET-BEN-000061,880100000001,392.50,392.50,SERVICE_PAYMENT,Monthly Service Payment,FTS,AE070330000800000000049,0.00,[]
LOC-OUT-0000312,QUOTE-LOC-OUT-0000312,COMPLETED,REF-LOC-OUT-0000312,ACC-R8049-001,OUTWARD,R8049,2026-07-08 14:57:00,RET-BEN-000061,880100000001,400.00,400.00,SERVICE_PAYMENT,Monthly Service Payment,FTS,AE070330000800000000049,0.00,[]
LOC-OUT-0000315,QUOTE-LOC-OUT-0000315,COMPLETED,REF-LOC-OUT-0000315,ACC-R8050-001,OUTWARD,R8050,2025-11-09 15:04:00,RET-BEN-000062,880100000001,402.50,402.50,SERVICE_PAYMENT,Monthly Service Payment,FTS,AE070330000800000000050,0.00,[]
LOC-OUT-0000316,QUOTE-LOC-OUT-0000316,COMPLETED,REF-LOC-OUT-0000316,ACC-R8050-001,OUTWARD,R8050,2026-01-09 15:04:00,RET-BEN-000062,880100000001,410.00,410.00,SERVICE_PAYMENT,Monthly Service Payment,FTS,AE070330000800000000050,0.00,[]
LOC-OUT-0000318,QUOTE-LOC-OUT-0000318,COMPLETED,REF-LOC-OUT-0000318,ACC-R8051-001,OUTWARD,R8051,2025-11-10 16:11:00,RET-BEN-000063,880100000001,435.00,435.00,SERVICE_PAYMENT,Monthly Service Payment,FTS,AE070330000800000000051,0.00,[]
LOC-OUT-0000319,QUOTE-LOC-OUT-0000319,COMPLETED,REF-LOC-OUT-0000319,ACC-R8051-001,OUTWARD,R8051,2026-01-10 16:11:00,RET-BEN-000063,880100000001,442.50,442.50,SERVICE_PAYMENT,Monthly Service Payment,FTS,AE070330000800000000051,0.00,[]
LOC-OUT-0000320,QUOTE-LOC-OUT-0000320,COMPLETED,REF-LOC-OUT-0000320,ACC-R8051-001,OUTWARD,R8051,2026-03-10 16:11:00,RET-BEN-000063,880100000001,450.00,450.00,SERVICE_PAYMENT,Monthly Service Payment,FTS,AE070330000800000000051,0.00,[]
LOC-OUT-0000323,QUOTE-LOC-OUT-0000323,COMPLETED,REF-LOC-OUT-0000323,ACC-R8052-001,OUTWARD,R8052,2025-11-11 08:18:00,RET-BEN-000064,880100000001,175.00,175.00,SERVICE_PAYMENT,Monthly Service Payment,FTS,AE070330000800000000052,0.00,[]
LOC-OUT-0000324,QUOTE-LOC-OUT-0000324,COMPLETED,REF-LOC-OUT-0000324,ACC-R8052-001,OUTWARD,R8052,2026-01-11 08:18:00,RET-BEN-000064,880100000001,182.50,182.50,SERVICE_PAYMENT,Monthly Service Payment,FTS,AE070330000800000000052,0.00,[]
LOC-OUT-0000325,QUOTE-LOC-OUT-0000325,COMPLETED,REF-LOC-OUT-0000325,ACC-R8052-001,OUTWARD,R8052,2026-03-11 08:18:00,RET-BEN-000064,880100000001,190.00,190.00,SERVICE_PAYMENT,Monthly Service Payment,FTS,AE070330000800000000052,0.00,[]
LOC-OUT-0000326,QUOTE-LOC-OUT-0000326,COMPLETED,REF-LOC-OUT-0000326,ACC-R8052-001,OUTWARD,R8052,2026-05-11 08:18:00,RET-BEN-000064,880100000001,197.50,197.50,SERVICE_PAYMENT,Monthly Service Payment,FTS,AE070330000800000000052,0.00,[]
LOC-OUT-0000328,QUOTE-LOC-OUT-0000328,COMPLETED,REF-LOC-OUT-0000328,ACC-R8053-001,OUTWARD,R8053,2025-11-12 09:25:00,RET-BEN-000065,880100000001,207.50,207.50,SERVICE_PAYMENT,Monthly Service Payment,FTS,AE070330000800000000053,0.00,[]
LOC-OUT-0000329,QUOTE-LOC-OUT-0000329,COMPLETED,REF-LOC-OUT-0000329,ACC-R8053-001,OUTWARD,R8053,2026-01-12 09:25:00,RET-BEN-000065,880100000001,215.00,215.00,SERVICE_PAYMENT,Monthly Service Payment,FTS,AE070330000800000000053,0.00,[]
LOC-OUT-0000330,QUOTE-LOC-OUT-0000330,COMPLETED,REF-LOC-OUT-0000330,ACC-R8053-001,OUTWARD,R8053,2026-03-12 09:25:00,RET-BEN-000065,880100000001,222.50,222.50,SERVICE_PAYMENT,Monthly Service Payment,FTS,AE070330000800000000053,0.00,[]
LOC-OUT-0000331,QUOTE-LOC-OUT-0000331,COMPLETED,REF-LOC-OUT-0000331,ACC-R8053-001,OUTWARD,R8053,2026-05-12 09:25:00,RET-BEN-000065,880100000001,230.00,230.00,SERVICE_PAYMENT,Monthly Service Payment,FTS,AE070330000800000000053,0.00,[]
LOC-OUT-0000332,QUOTE-LOC-OUT-0000332,COMPLETED,REF-LOC-OUT-0000332,ACC-R8053-001,OUTWARD,R8053,2026-07-12 09:25:00,RET-BEN-000065,880100000001,237.50,237.50,SERVICE_PAYMENT,Monthly Service Payment,FTS,AE070330000800000000053,0.00,[]
LOC-OUT-0000335,QUOTE-LOC-OUT-0000335,COMPLETED,REF-LOC-OUT-0000335,ACC-R8054-001,OUTWARD,R8054,2025-11-13 10:32:00,RET-BEN-000066,880100000001,240.00,240.00,SERVICE_PAYMENT,Monthly Service Payment,FTS,AE070330000800000000054,0.00,[]
LOC-OUT-0000336,QUOTE-LOC-OUT-0000336,COMPLETED,REF-LOC-OUT-0000336,ACC-R8054-001,OUTWARD,R8054,2026-01-13 10:32:00,RET-BEN-000066,880100000001,247.50,247.50,SERVICE_PAYMENT,Monthly Service Payment,FTS,AE070330000800000000054,0.00,[]
LOC-OUT-0000338,QUOTE-LOC-OUT-0000338,COMPLETED,REF-LOC-OUT-0000338,ACC-R8055-001,OUTWARD,R8055,2025-11-14 11:39:00,RET-BEN-000067,880100000001,272.50,272.50,SERVICE_PAYMENT,Monthly Service Payment,FTS,AE070330000800000000055,0.00,[]
LOC-OUT-0000339,QUOTE-LOC-OUT-0000339,COMPLETED,REF-LOC-OUT-0000339,ACC-R8055-001,OUTWARD,R8055,2026-01-14 11:39:00,RET-BEN-000067,880100000001,280.00,280.00,SERVICE_PAYMENT,Monthly Service Payment,FTS,AE070330000800000000055,0.00,[]
LOC-OUT-0000340,QUOTE-LOC-OUT-0000340,COMPLETED,REF-LOC-OUT-0000340,ACC-R8055-001,OUTWARD,R8055,2026-03-14 11:39:00,RET-BEN-000067,880100000001,287.50,287.50,SERVICE_PAYMENT,Monthly Service Payment,FTS,AE070330000800000000055,0.00,[]
LOC-OUT-0000343,QUOTE-LOC-OUT-0000343,COMPLETED,REF-LOC-OUT-0000343,ACC-R8056-001,OUTWARD,R8056,2025-11-15 12:46:00,RET-BEN-000068,880100000001,305.00,305.00,SERVICE_PAYMENT,Monthly Service Payment,FTS,AE070330000800000000056,0.00,[]
LOC-OUT-0000344,QUOTE-LOC-OUT-0000344,COMPLETED,REF-LOC-OUT-0000344,ACC-R8056-001,OUTWARD,R8056,2026-01-15 12:46:00,RET-BEN-000068,880100000001,312.50,312.50,SERVICE_PAYMENT,Monthly Service Payment,FTS,AE070330000800000000056,0.00,[]
LOC-OUT-0000345,QUOTE-LOC-OUT-0000345,COMPLETED,REF-LOC-OUT-0000345,ACC-R8056-001,OUTWARD,R8056,2026-03-15 12:46:00,RET-BEN-000068,880100000001,320.00,320.00,SERVICE_PAYMENT,Monthly Service Payment,FTS,AE070330000800000000056,0.00,[]
LOC-OUT-0000346,QUOTE-LOC-OUT-0000346,COMPLETED,REF-LOC-OUT-0000346,ACC-R8056-001,OUTWARD,R8056,2026-05-15 12:46:00,RET-BEN-000068,880100000001,327.50,327.50,SERVICE_PAYMENT,Monthly Service Payment,FTS,AE070330000800000000056,0.00,[]
LOC-OUT-0000348,QUOTE-LOC-OUT-0000348,COMPLETED,REF-LOC-OUT-0000348,ACC-R8057-001,OUTWARD,R8057,2025-11-16 13:53:00,RET-BEN-000069,880100000001,337.50,337.50,SERVICE_PAYMENT,Monthly Service Payment,FTS,AE070330000800000000057,0.00,[]
LOC-OUT-0000349,QUOTE-LOC-OUT-0000349,COMPLETED,REF-LOC-OUT-0000349,ACC-R8057-001,OUTWARD,R8057,2026-01-16 13:53:00,RET-BEN-000069,880100000001,345.00,345.00,SERVICE_PAYMENT,Monthly Service Payment,FTS,AE070330000800000000057,0.00,[]
LOC-OUT-0000350,QUOTE-LOC-OUT-0000350,COMPLETED,REF-LOC-OUT-0000350,ACC-R8057-001,OUTWARD,R8057,2026-03-16 13:53:00,RET-BEN-000069,880100000001,352.50,352.50,SERVICE_PAYMENT,Monthly Service Payment,FTS,AE070330000800000000057,0.00,[]
LOC-OUT-0000351,QUOTE-LOC-OUT-0000351,COMPLETED,REF-LOC-OUT-0000351,ACC-R8057-001,OUTWARD,R8057,2026-05-16 13:53:00,RET-BEN-000069,880100000001,360.00,360.00,SERVICE_PAYMENT,Monthly Service Payment,FTS,AE070330000800000000057,0.00,[]
LOC-OUT-0000354,QUOTE-LOC-OUT-0000354,COMPLETED,REF-LOC-OUT-0000354,ACC-R8058-001,OUTWARD,R8058,2025-11-17 14:00:00,RET-BEN-000070,880100000001,370.00,370.00,SERVICE_PAYMENT,Monthly Service Payment,FTS,AE070330000800000000058,0.00,[]
LOC-OUT-0000355,QUOTE-LOC-OUT-0000355,COMPLETED,REF-LOC-OUT-0000355,ACC-R8058-001,OUTWARD,R8058,2026-01-17 14:00:00,RET-BEN-000070,880100000001,377.50,377.50,SERVICE_PAYMENT,Monthly Service Payment,FTS,AE070330000800000000058,0.00,[]
LOC-OUT-0000357,QUOTE-LOC-OUT-0000357,COMPLETED,REF-LOC-OUT-0000357,ACC-R8059-001,OUTWARD,R8059,2025-11-18 15:07:00,RET-BEN-000071,880100000001,402.50,402.50,SERVICE_PAYMENT,Monthly Service Payment,FTS,AE070330000800000000059,0.00,[]
LOC-OUT-0000358,QUOTE-LOC-OUT-0000358,COMPLETED,REF-LOC-OUT-0000358,ACC-R8059-001,OUTWARD,R8059,2026-01-18 15:07:00,RET-BEN-000071,880100000001,410.00,410.00,SERVICE_PAYMENT,Monthly Service Payment,FTS,AE070330000800000000059,0.00,[]
LOC-OUT-0000359,QUOTE-LOC-OUT-0000359,COMPLETED,REF-LOC-OUT-0000359,ACC-R8059-001,OUTWARD,R8059,2026-03-18 15:07:00,RET-BEN-000071,880100000001,417.50,417.50,SERVICE_PAYMENT,Monthly Service Payment,FTS,AE070330000800000000059,0.00,[]
LOC-OUT-0000362,QUOTE-LOC-OUT-0000362,COMPLETED,REF-LOC-OUT-0000362,ACC-R8060-001,OUTWARD,R8060,2025-11-19 16:14:00,RET-BEN-000072,880100000001,435.00,435.00,SERVICE_PAYMENT,Monthly Service Payment,FTS,AE070330000800000000060,0.00,[]
LOC-OUT-0000363,QUOTE-LOC-OUT-0000363,COMPLETED,REF-LOC-OUT-0000363,ACC-R8060-001,OUTWARD,R8060,2026-01-19 16:14:00,RET-BEN-000072,880100000001,442.50,442.50,SERVICE_PAYMENT,Monthly Service Payment,FTS,AE070330000800000000060,0.00,[]
LOC-OUT-0000364,QUOTE-LOC-OUT-0000364,COMPLETED,REF-LOC-OUT-0000364,ACC-R8060-001,OUTWARD,R8060,2026-03-19 16:14:00,RET-BEN-000072,880100000001,450.00,450.00,SERVICE_PAYMENT,Monthly Service Payment,FTS,AE070330000800000000060,0.00,[]
LOC-OUT-0000365,QUOTE-LOC-OUT-0000365,COMPLETED,REF-LOC-OUT-0000365,ACC-R8060-001,OUTWARD,R8060,2026-05-19 16:14:00,RET-BEN-000072,880100000001,457.50,457.50,SERVICE_PAYMENT,Monthly Service Payment,FTS,AE070330000800000000060,0.00,[]
LOC-OUT-0000367,QUOTE-LOC-OUT-0000367,COMPLETED,REF-LOC-OUT-0000367,ACC-R8061-001,OUTWARD,R8061,2025-11-20 08:21:00,RET-BEN-000073,880100000001,175.00,175.00,SERVICE_PAYMENT,Monthly Service Payment,FTS,AE070330000800000000061,0.00,[]
LOC-OUT-0000368,QUOTE-LOC-OUT-0000368,COMPLETED,REF-LOC-OUT-0000368,ACC-R8061-001,OUTWARD,R8061,2026-01-20 08:21:00,RET-BEN-000073,880100000001,182.50,182.50,SERVICE_PAYMENT,Monthly Service Payment,FTS,AE070330000800000000061,0.00,[]
LOC-OUT-0000369,QUOTE-LOC-OUT-0000369,COMPLETED,REF-LOC-OUT-0000369,ACC-R8061-001,OUTWARD,R8061,2026-03-20 08:21:00,RET-BEN-000073,880100000001,190.00,190.00,SERVICE_PAYMENT,Monthly Service Payment,FTS,AE070330000800000000061,0.00,[]
LOC-OUT-0000370,QUOTE-LOC-OUT-0000370,COMPLETED,REF-LOC-OUT-0000370,ACC-R8061-001,OUTWARD,R8061,2026-05-20 08:21:00,RET-BEN-000073,880100000001,197.50,197.50,SERVICE_PAYMENT,Monthly Service Payment,FTS,AE070330000800000000061,0.00,[]
LOC-OUT-0000373,QUOTE-LOC-OUT-0000373,COMPLETED,REF-LOC-OUT-0000373,ACC-R8062-001,OUTWARD,R8062,2025-11-21 09:28:00,RET-BEN-000074,880100000001,207.50,207.50,SERVICE_PAYMENT,Monthly Service Payment,FTS,AE070330000800000000062,0.00,[]
LOC-OUT-0000374,QUOTE-LOC-OUT-0000374,COMPLETED,REF-LOC-OUT-0000374,ACC-R8062-001,OUTWARD,R8062,2026-01-21 09:28:00,RET-BEN-000074,880100000001,215.00,215.00,SERVICE_PAYMENT,Monthly Service Payment,FTS,AE070330000800000000062,0.00,[]
LOC-OUT-0000376,QUOTE-LOC-OUT-0000376,COMPLETED,REF-LOC-OUT-0000376,ACC-R8063-001,OUTWARD,R8063,2025-11-22 10:35:00,RET-BEN-000075,880100000001,240.00,240.00,SERVICE_PAYMENT,Monthly Service Payment,FTS,AE070330000800000000063,0.00,[]
LOC-OUT-0000377,QUOTE-LOC-OUT-0000377,COMPLETED,REF-LOC-OUT-0000377,ACC-R8063-001,OUTWARD,R8063,2026-01-22 10:35:00,RET-BEN-000075,880100000001,247.50,247.50,SERVICE_PAYMENT,Monthly Service Payment,FTS,AE070330000800000000063,0.00,[]
LOC-OUT-0000378,QUOTE-LOC-OUT-0000378,COMPLETED,REF-LOC-OUT-0000378,ACC-R8063-001,OUTWARD,R8063,2026-03-22 10:35:00,RET-BEN-000075,880100000001,255.00,255.00,SERVICE_PAYMENT,Monthly Service Payment,FTS,AE070330000800000000063,0.00,[]
LOC-OUT-0000381,QUOTE-LOC-OUT-0000381,COMPLETED,REF-LOC-OUT-0000381,ACC-R8064-001,OUTWARD,R8064,2025-11-23 11:42:00,RET-BEN-000076,880100000001,272.50,272.50,SERVICE_PAYMENT,Monthly Service Payment,FTS,AE070330000800000000064,0.00,[]
LOC-OUT-0000382,QUOTE-LOC-OUT-0000382,COMPLETED,REF-LOC-OUT-0000382,ACC-R8064-001,OUTWARD,R8064,2026-01-23 11:42:00,RET-BEN-000076,880100000001,280.00,280.00,SERVICE_PAYMENT,Monthly Service Payment,FTS,AE070330000800000000064,0.00,[]
LOC-OUT-0000383,QUOTE-LOC-OUT-0000383,COMPLETED,REF-LOC-OUT-0000383,ACC-R8064-001,OUTWARD,R8064,2026-03-23 11:42:00,RET-BEN-000076,880100000001,287.50,287.50,SERVICE_PAYMENT,Monthly Service Payment,FTS,AE070330000800000000064,0.00,[]
LOC-OUT-0000384,QUOTE-LOC-OUT-0000384,COMPLETED,REF-LOC-OUT-0000384,ACC-R8064-001,OUTWARD,R8064,2026-05-23 11:42:00,RET-BEN-000076,880100000001,295.00,295.00,SERVICE_PAYMENT,Monthly Service Payment,FTS,AE070330000800000000064,0.00,[]
LOC-OUT-0000386,QUOTE-LOC-OUT-0000386,COMPLETED,REF-LOC-OUT-0000386,ACC-R8065-001,OUTWARD,R8065,2025-11-24 12:49:00,RET-BEN-000077,880100000001,305.00,305.00,SERVICE_PAYMENT,Monthly Service Payment,FTS,AE070330000800000000065,0.00,[]
LOC-OUT-0000387,QUOTE-LOC-OUT-0000387,COMPLETED,REF-LOC-OUT-0000387,ACC-R8065-001,OUTWARD,R8065,2026-01-24 12:49:00,RET-BEN-000077,880100000001,312.50,312.50,SERVICE_PAYMENT,Monthly Service Payment,FTS,AE070330000800000000065,0.00,[]
LOC-OUT-0000388,QUOTE-LOC-OUT-0000388,COMPLETED,REF-LOC-OUT-0000388,ACC-R8065-001,OUTWARD,R8065,2026-03-24 12:49:00,RET-BEN-000077,880100000001,320.00,320.00,SERVICE_PAYMENT,Monthly Service Payment,FTS,AE070330000800000000065,0.00,[]
LOC-OUT-0000389,QUOTE-LOC-OUT-0000389,COMPLETED,REF-LOC-OUT-0000389,ACC-R8065-001,OUTWARD,R8065,2026-05-24 12:49:00,RET-BEN-000077,880100000001,327.50,327.50,SERVICE_PAYMENT,Monthly Service Payment,FTS,AE070330000800000000065,0.00,[]
LOC-OUT-0000392,QUOTE-LOC-OUT-0000392,COMPLETED,REF-LOC-OUT-0000392,ACC-R8066-001,OUTWARD,R8066,2025-11-25 13:56:00,RET-BEN-000078,880100000001,337.50,337.50,SERVICE_PAYMENT,Monthly Service Payment,FTS,AE070330000800000000066,0.00,[]
LOC-OUT-0000393,QUOTE-LOC-OUT-0000393,COMPLETED,REF-LOC-OUT-0000393,ACC-R8066-001,OUTWARD,R8066,2026-01-25 13:56:00,RET-BEN-000078,880100000001,345.00,345.00,SERVICE_PAYMENT,Monthly Service Payment,FTS,AE070330000800000000066,0.00,[]
LOC-OUT-0000395,QUOTE-LOC-OUT-0000395,COMPLETED,REF-LOC-OUT-0000395,ACC-R8067-001,OUTWARD,R8067,2025-11-26 14:03:00,RET-BEN-000079,880100000001,370.00,370.00,SERVICE_PAYMENT,Monthly Service Payment,FTS,AE070330000800000000067,0.00,[]
LOC-OUT-0000396,QUOTE-LOC-OUT-0000396,COMPLETED,REF-LOC-OUT-0000396,ACC-R8067-001,OUTWARD,R8067,2026-01-26 14:03:00,RET-BEN-000079,880100000001,377.50,377.50,SERVICE_PAYMENT,Monthly Service Payment,FTS,AE070330000800000000067,0.00,[]
LOC-OUT-0000397,QUOTE-LOC-OUT-0000397,COMPLETED,REF-LOC-OUT-0000397,ACC-R8067-001,OUTWARD,R8067,2026-03-26 14:03:00,RET-BEN-000079,880100000001,385.00,385.00,SERVICE_PAYMENT,Monthly Service Payment,FTS,AE070330000800000000067,0.00,[]
LOC-OUT-0000400,QUOTE-LOC-OUT-0000400,COMPLETED,REF-LOC-OUT-0000400,ACC-R8068-001,OUTWARD,R8068,2025-11-27 15:10:00,RET-BEN-000080,880100000001,402.50,402.50,SERVICE_PAYMENT,Monthly Service Payment,FTS,AE070330000800000000068,0.00,[]
LOC-OUT-0000401,QUOTE-LOC-OUT-0000401,COMPLETED,REF-LOC-OUT-0000401,ACC-R8068-001,OUTWARD,R8068,2026-01-27 15:10:00,RET-BEN-000080,880100000001,410.00,410.00,SERVICE_PAYMENT,Monthly Service Payment,FTS,AE070330000800000000068,0.00,[]
LOC-OUT-0000402,QUOTE-LOC-OUT-0000402,COMPLETED,REF-LOC-OUT-0000402,ACC-R8068-001,OUTWARD,R8068,2026-03-27 15:10:00,RET-BEN-000080,880100000001,417.50,417.50,SERVICE_PAYMENT,Monthly Service Payment,FTS,AE070330000800000000068,0.00,[]
LOC-OUT-0000403,QUOTE-LOC-OUT-0000403,COMPLETED,REF-LOC-OUT-0000403,ACC-R8068-001,OUTWARD,R8068,2026-05-27 15:10:00,RET-BEN-000080,880100000001,425.00,425.00,SERVICE_PAYMENT,Monthly Service Payment,FTS,AE070330000800000000068,0.00,[]
LOC-OUT-0000405,QUOTE-LOC-OUT-0000405,COMPLETED,REF-LOC-OUT-0000405,ACC-R8069-001,OUTWARD,R8069,2025-11-28 16:17:00,RET-BEN-000081,880100000001,435.00,435.00,SERVICE_PAYMENT,Monthly Service Payment,FTS,AE070330000800000000069,0.00,[]
LOC-OUT-0000406,QUOTE-LOC-OUT-0000406,COMPLETED,REF-LOC-OUT-0000406,ACC-R8069-001,OUTWARD,R8069,2026-01-28 16:17:00,RET-BEN-000081,880100000001,442.50,442.50,SERVICE_PAYMENT,Monthly Service Payment,FTS,AE070330000800000000069,0.00,[]
LOC-OUT-0000407,QUOTE-LOC-OUT-0000407,COMPLETED,REF-LOC-OUT-0000407,ACC-R8069-001,OUTWARD,R8069,2026-03-28 16:17:00,RET-BEN-000081,880100000001,450.00,450.00,SERVICE_PAYMENT,Monthly Service Payment,FTS,AE070330000800000000069,0.00,[]
LOC-OUT-0000408,QUOTE-LOC-OUT-0000408,COMPLETED,REF-LOC-OUT-0000408,ACC-R8069-001,OUTWARD,R8069,2026-05-28 16:17:00,RET-BEN-000081,880100000001,457.50,457.50,SERVICE_PAYMENT,Monthly Service Payment,FTS,AE070330000800000000069,0.00,[]
LOC-OUT-0000411,QUOTE-LOC-OUT-0000411,COMPLETED,REF-LOC-OUT-0000411,ACC-R8070-001,OUTWARD,R8070,2025-11-05 08:24:00,RET-BEN-000082,880100000001,175.00,175.00,SERVICE_PAYMENT,Monthly Service Payment,FTS,AE070330000800000000070,0.00,[]
LOC-OUT-0000412,QUOTE-LOC-OUT-0000412,COMPLETED,REF-LOC-OUT-0000412,ACC-R8070-001,OUTWARD,R8070,2026-01-05 08:24:00,RET-BEN-000082,880100000001,182.50,182.50,SERVICE_PAYMENT,Monthly Service Payment,FTS,AE070330000800000000070,0.00,[]
LOC-OUT-0000414,QUOTE-LOC-OUT-0000414,COMPLETED,REF-LOC-OUT-0000414,ACC-R8071-001,OUTWARD,R8071,2025-11-06 09:31:00,RET-BEN-000083,880100000001,207.50,207.50,SERVICE_PAYMENT,Monthly Service Payment,FTS,AE070330000800000000071,0.00,[]
LOC-OUT-0000415,QUOTE-LOC-OUT-0000415,COMPLETED,REF-LOC-OUT-0000415,ACC-R8071-001,OUTWARD,R8071,2026-01-06 09:31:00,RET-BEN-000083,880100000001,215.00,215.00,SERVICE_PAYMENT,Monthly Service Payment,FTS,AE070330000800000000071,0.00,[]
LOC-OUT-0000416,QUOTE-LOC-OUT-0000416,COMPLETED,REF-LOC-OUT-0000416,ACC-R8071-001,OUTWARD,R8071,2026-03-06 09:31:00,RET-BEN-000083,880100000001,222.50,222.50,SERVICE_PAYMENT,Monthly Service Payment,FTS,AE070330000800000000071,0.00,[]
LOC-OUT-0000419,QUOTE-LOC-OUT-0000419,COMPLETED,REF-LOC-OUT-0000419,ACC-R8072-001,OUTWARD,R8072,2025-11-07 10:38:00,RET-BEN-000084,880100000001,240.00,240.00,SERVICE_PAYMENT,Monthly Service Payment,FTS,AE070330000800000000072,0.00,[]
LOC-OUT-0000420,QUOTE-LOC-OUT-0000420,COMPLETED,REF-LOC-OUT-0000420,ACC-R8072-001,OUTWARD,R8072,2026-01-07 10:38:00,RET-BEN-000084,880100000001,247.50,247.50,SERVICE_PAYMENT,Monthly Service Payment,FTS,AE070330000800000000072,0.00,[]
LOC-OUT-0000421,QUOTE-LOC-OUT-0000421,COMPLETED,REF-LOC-OUT-0000421,ACC-R8072-001,OUTWARD,R8072,2026-03-07 10:38:00,RET-BEN-000084,880100000001,255.00,255.00,SERVICE_PAYMENT,Monthly Service Payment,FTS,AE070330000800000000072,0.00,[]
LOC-OUT-0000422,QUOTE-LOC-OUT-0000422,COMPLETED,REF-LOC-OUT-0000422,ACC-R8072-001,OUTWARD,R8072,2026-05-07 10:38:00,RET-BEN-000084,880100000001,262.50,262.50,SERVICE_PAYMENT,Monthly Service Payment,FTS,AE070330000800000000072,0.00,[]
LOC-OUT-0000424,QUOTE-LOC-OUT-0000424,COMPLETED,REF-LOC-OUT-0000424,ACC-R8073-001,OUTWARD,R8073,2025-11-08 11:45:00,RET-BEN-000085,880100000001,272.50,272.50,SERVICE_PAYMENT,Monthly Service Payment,FTS,AE070330000800000000073,0.00,[]
LOC-OUT-0000425,QUOTE-LOC-OUT-0000425,COMPLETED,REF-LOC-OUT-0000425,ACC-R8073-001,OUTWARD,R8073,2026-01-08 11:45:00,RET-BEN-000085,880100000001,280.00,280.00,SERVICE_PAYMENT,Monthly Service Payment,FTS,AE070330000800000000073,0.00,[]
LOC-OUT-0000426,QUOTE-LOC-OUT-0000426,COMPLETED,REF-LOC-OUT-0000426,ACC-R8073-001,OUTWARD,R8073,2026-03-08 11:45:00,RET-BEN-000085,880100000001,287.50,287.50,SERVICE_PAYMENT,Monthly Service Payment,FTS,AE070330000800000000073,0.00,[]
LOC-OUT-0000427,QUOTE-LOC-OUT-0000427,COMPLETED,REF-LOC-OUT-0000427,ACC-R8073-001,OUTWARD,R8073,2026-05-08 11:45:00,RET-BEN-000085,880100000001,295.00,295.00,SERVICE_PAYMENT,Monthly Service Payment,FTS,AE070330000800000000073,0.00,[]
LOC-OUT-0000428,QUOTE-LOC-OUT-0000428,COMPLETED,REF-LOC-OUT-0000428,ACC-R8073-001,OUTWARD,R8073,2026-07-08 11:45:00,RET-BEN-000085,880100000001,302.50,302.50,SERVICE_PAYMENT,Monthly Service Payment,FTS,AE070330000800000000073,0.00,[]
LOC-OUT-0000431,QUOTE-LOC-OUT-0000431,COMPLETED,REF-LOC-OUT-0000431,ACC-R8074-001,OUTWARD,R8074,2025-11-09 12:52:00,RET-BEN-000086,880100000001,305.00,305.00,SERVICE_PAYMENT,Monthly Service Payment,FTS,AE070330000800000000074,0.00,[]
LOC-OUT-0000432,QUOTE-LOC-OUT-0000432,COMPLETED,REF-LOC-OUT-0000432,ACC-R8074-001,OUTWARD,R8074,2026-01-09 12:52:00,RET-BEN-000086,880100000001,312.50,312.50,SERVICE_PAYMENT,Monthly Service Payment,FTS,AE070330000800000000074,0.00,[]
LOC-OUT-0000434,QUOTE-LOC-OUT-0000434,COMPLETED,REF-LOC-OUT-0000434,ACC-R8075-001,OUTWARD,R8075,2025-11-10 13:59:00,RET-BEN-000087,880100000001,337.50,337.50,SERVICE_PAYMENT,Monthly Service Payment,FTS,AE070330000800000000075,0.00,[]
LOC-OUT-0000435,QUOTE-LOC-OUT-0000435,COMPLETED,REF-LOC-OUT-0000435,ACC-R8075-001,OUTWARD,R8075,2026-01-10 13:59:00,RET-BEN-000087,880100000001,345.00,345.00,SERVICE_PAYMENT,Monthly Service Payment,FTS,AE070330000800000000075,0.00,[]
LOC-OUT-0000436,QUOTE-LOC-OUT-0000436,COMPLETED,REF-LOC-OUT-0000436,ACC-R8075-001,OUTWARD,R8075,2026-03-10 13:59:00,RET-BEN-000087,880100000001,352.50,352.50,SERVICE_PAYMENT,Monthly Service Payment,FTS,AE070330000800000000075,0.00,[]
LOC-OUT-0000439,QUOTE-LOC-OUT-0000439,COMPLETED,REF-LOC-OUT-0000439,ACC-R8076-001,OUTWARD,R8076,2025-11-11 14:06:00,RET-BEN-000088,880100000001,370.00,370.00,SERVICE_PAYMENT,Monthly Service Payment,FTS,AE070330000800000000076,0.00,[]
LOC-OUT-0000440,QUOTE-LOC-OUT-0000440,COMPLETED,REF-LOC-OUT-0000440,ACC-R8076-001,OUTWARD,R8076,2026-01-11 14:06:00,RET-BEN-000088,880100000001,377.50,377.50,SERVICE_PAYMENT,Monthly Service Payment,FTS,AE070330000800000000076,0.00,[]
LOC-OUT-0000441,QUOTE-LOC-OUT-0000441,COMPLETED,REF-LOC-OUT-0000441,ACC-R8076-001,OUTWARD,R8076,2026-03-11 14:06:00,RET-BEN-000088,880100000001,385.00,385.00,SERVICE_PAYMENT,Monthly Service Payment,FTS,AE070330000800000000076,0.00,[]
LOC-OUT-0000442,QUOTE-LOC-OUT-0000442,COMPLETED,REF-LOC-OUT-0000442,ACC-R8076-001,OUTWARD,R8076,2026-05-11 14:06:00,RET-BEN-000088,880100000001,392.50,392.50,SERVICE_PAYMENT,Monthly Service Payment,FTS,AE070330000800000000076,0.00,[]
LOC-OUT-0000444,QUOTE-LOC-OUT-0000444,COMPLETED,REF-LOC-OUT-0000444,ACC-R8077-001,OUTWARD,R8077,2025-11-12 15:13:00,RET-BEN-000089,880100000001,402.50,402.50,SERVICE_PAYMENT,Monthly Service Payment,FTS,AE070330000800000000077,0.00,[]
LOC-OUT-0000445,QUOTE-LOC-OUT-0000445,COMPLETED,REF-LOC-OUT-0000445,ACC-R8077-001,OUTWARD,R8077,2026-01-12 15:13:00,RET-BEN-000089,880100000001,410.00,410.00,SERVICE_PAYMENT,Monthly Service Payment,FTS,AE070330000800000000077,0.00,[]
LOC-OUT-0000446,QUOTE-LOC-OUT-0000446,COMPLETED,REF-LOC-OUT-0000446,ACC-R8077-001,OUTWARD,R8077,2026-03-12 15:13:00,RET-BEN-000089,880100000001,417.50,417.50,SERVICE_PAYMENT,Monthly Service Payment,FTS,AE070330000800000000077,0.00,[]
LOC-OUT-0000447,QUOTE-LOC-OUT-0000447,COMPLETED,REF-LOC-OUT-0000447,ACC-R8077-001,OUTWARD,R8077,2026-05-12 15:13:00,RET-BEN-000089,880100000001,425.00,425.00,SERVICE_PAYMENT,Monthly Service Payment,FTS,AE070330000800000000077,0.00,[]
LOC-OUT-0000448,QUOTE-LOC-OUT-0000448,COMPLETED,REF-LOC-OUT-0000448,ACC-R8077-001,OUTWARD,R8077,2026-07-12 15:13:00,RET-BEN-000089,880100000001,432.50,432.50,SERVICE_PAYMENT,Monthly Service Payment,FTS,AE070330000800000000077,0.00,[]
LOC-OUT-0000451,QUOTE-LOC-OUT-0000451,COMPLETED,REF-LOC-OUT-0000451,ACC-R8078-001,OUTWARD,R8078,2025-11-13 16:20:00,RET-BEN-000090,880100000001,435.00,435.00,SERVICE_PAYMENT,Monthly Service Payment,FTS,AE070330000800000000078,0.00,[]
LOC-OUT-0000452,QUOTE-LOC-OUT-0000452,COMPLETED,REF-LOC-OUT-0000452,ACC-R8078-001,OUTWARD,R8078,2026-01-13 16:20:00,RET-BEN-000090,880100000001,442.50,442.50,SERVICE_PAYMENT,Monthly Service Payment,FTS,AE070330000800000000078,0.00,[]
LOC-OUT-0000454,QUOTE-LOC-OUT-0000454,COMPLETED,REF-LOC-OUT-0000454,ACC-B9001-001,OUTWARD,B9001,2025-11-14 08:27:00,SME-BEN-000091,880100000001,2390.00,2390.00,BUSINESS_SERVICES,Facilities Service Invoice,FTS,AE070330000900000000001,0.00,[]
LOC-OUT-0000455,QUOTE-LOC-OUT-0000455,COMPLETED,REF-LOC-OUT-0000455,ACC-B9001-001,OUTWARD,B9001,2026-01-14 08:27:00,SME-BEN-000091,880100000001,2435.00,2435.00,BUSINESS_SERVICES,Facilities Service Invoice,FTS,AE070330000900000000001,0.00,[]
LOC-OUT-0000456,QUOTE-LOC-OUT-0000456,COMPLETED,REF-LOC-OUT-0000456,ACC-B9001-001,OUTWARD,B9001,2026-03-14 08:27:00,SME-BEN-000091,880100000001,2480.00,2480.00,BUSINESS_SERVICES,Facilities Service Invoice,FTS,AE070330000900000000001,0.00,[]
LOC-OUT-0000459,QUOTE-LOC-OUT-0000459,COMPLETED,REF-LOC-OUT-0000459,ACC-B9002-001,OUTWARD,B9002,2025-11-15 09:34:00,SME-BEN-000092,880100000001,2675.00,2675.00,BUSINESS_SERVICES,Facilities Service Invoice,FTS,AE070330000900000000002,0.00,[]
LOC-OUT-0000460,QUOTE-LOC-OUT-0000460,COMPLETED,REF-LOC-OUT-0000460,ACC-B9002-001,OUTWARD,B9002,2026-01-15 09:34:00,SME-BEN-000092,880100000001,2720.00,2720.00,BUSINESS_SERVICES,Facilities Service Invoice,FTS,AE070330000900000000002,0.00,[]
LOC-OUT-0000461,QUOTE-LOC-OUT-0000461,COMPLETED,REF-LOC-OUT-0000461,ACC-B9002-001,OUTWARD,B9002,2026-03-15 09:34:00,SME-BEN-000092,880100000001,2765.00,2765.00,BUSINESS_SERVICES,Facilities Service Invoice,FTS,AE070330000900000000002,0.00,[]
LOC-OUT-0000462,QUOTE-LOC-OUT-0000462,COMPLETED,REF-LOC-OUT-0000462,ACC-B9002-001,OUTWARD,B9002,2026-05-15 09:34:00,SME-BEN-000092,880100000001,2810.00,2810.00,BUSINESS_SERVICES,Facilities Service Invoice,FTS,AE070330000900000000002,0.00,[]
LOC-OUT-0000464,QUOTE-LOC-OUT-0000464,COMPLETED,REF-LOC-OUT-0000464,ACC-B9003-001,OUTWARD,B9003,2025-11-16 10:41:00,SME-BEN-000093,880100000001,2960.00,2960.00,BUSINESS_SERVICES,Facilities Service Invoice,FTS,AE070330000900000000003,0.00,[]
LOC-OUT-0000465,QUOTE-LOC-OUT-0000465,COMPLETED,REF-LOC-OUT-0000465,ACC-B9003-001,OUTWARD,B9003,2026-01-16 10:41:00,SME-BEN-000093,880100000001,3005.00,3005.00,BUSINESS_SERVICES,Facilities Service Invoice,FTS,AE070330000900000000003,0.00,[]
LOC-OUT-0000466,QUOTE-LOC-OUT-0000466,COMPLETED,REF-LOC-OUT-0000466,ACC-B9003-001,OUTWARD,B9003,2026-03-16 10:41:00,SME-BEN-000093,880100000001,3050.00,3050.00,BUSINESS_SERVICES,Facilities Service Invoice,FTS,AE070330000900000000003,0.00,[]
LOC-OUT-0000467,QUOTE-LOC-OUT-0000467,COMPLETED,REF-LOC-OUT-0000467,ACC-B9003-001,OUTWARD,B9003,2026-05-16 10:41:00,SME-BEN-000093,880100000001,3095.00,3095.00,BUSINESS_SERVICES,Facilities Service Invoice,FTS,AE070330000900000000003,0.00,[]
LOC-OUT-0000470,QUOTE-LOC-OUT-0000470,COMPLETED,REF-LOC-OUT-0000470,ACC-B9004-001,OUTWARD,B9004,2025-11-17 11:48:00,SME-BEN-000094,880100000001,1250.00,1250.00,BUSINESS_SERVICES,Facilities Service Invoice,FTS,AE070330000900000000004,0.00,[]
LOC-OUT-0000471,QUOTE-LOC-OUT-0000471,COMPLETED,REF-LOC-OUT-0000471,ACC-B9004-001,OUTWARD,B9004,2026-01-17 11:48:00,SME-BEN-000094,880100000001,1295.00,1295.00,BUSINESS_SERVICES,Facilities Service Invoice,FTS,AE070330000900000000004,0.00,[]
LOC-OUT-0000473,QUOTE-LOC-OUT-0000473,COMPLETED,REF-LOC-OUT-0000473,ACC-B9005-001,OUTWARD,B9005,2025-11-18 12:55:00,SME-BEN-000095,880100000001,1535.00,1535.00,BUSINESS_SERVICES,Facilities Service Invoice,FTS,AE070330000900000000005,0.00,[]
LOC-OUT-0000474,QUOTE-LOC-OUT-0000474,COMPLETED,REF-LOC-OUT-0000474,ACC-B9005-001,OUTWARD,B9005,2026-01-18 12:55:00,SME-BEN-000095,880100000001,1580.00,1580.00,BUSINESS_SERVICES,Facilities Service Invoice,FTS,AE070330000900000000005,0.00,[]
LOC-OUT-0000475,QUOTE-LOC-OUT-0000475,COMPLETED,REF-LOC-OUT-0000475,ACC-B9005-001,OUTWARD,B9005,2026-03-18 12:55:00,SME-BEN-000095,880100000001,1625.00,1625.00,BUSINESS_SERVICES,Facilities Service Invoice,FTS,AE070330000900000000005,0.00,[]
LOC-OUT-0000478,QUOTE-LOC-OUT-0000478,COMPLETED,REF-LOC-OUT-0000478,ACC-B9006-001,OUTWARD,B9006,2025-11-19 13:02:00,SME-BEN-000096,880100000001,1820.00,1820.00,BUSINESS_SERVICES,Facilities Service Invoice,FTS,AE070330000900000000006,0.00,[]
LOC-OUT-0000479,QUOTE-LOC-OUT-0000479,COMPLETED,REF-LOC-OUT-0000479,ACC-B9006-001,OUTWARD,B9006,2026-01-19 13:02:00,SME-BEN-000096,880100000001,1865.00,1865.00,BUSINESS_SERVICES,Facilities Service Invoice,FTS,AE070330000900000000006,0.00,[]
LOC-OUT-0000480,QUOTE-LOC-OUT-0000480,COMPLETED,REF-LOC-OUT-0000480,ACC-B9006-001,OUTWARD,B9006,2026-03-19 13:02:00,SME-BEN-000096,880100000001,1910.00,1910.00,BUSINESS_SERVICES,Facilities Service Invoice,FTS,AE070330000900000000006,0.00,[]
LOC-OUT-0000481,QUOTE-LOC-OUT-0000481,COMPLETED,REF-LOC-OUT-0000481,ACC-B9006-001,OUTWARD,B9006,2026-05-19 13:02:00,SME-BEN-000096,880100000001,1955.00,1955.00,BUSINESS_SERVICES,Facilities Service Invoice,FTS,AE070330000900000000006,0.00,[]
LOC-OUT-0000483,QUOTE-LOC-OUT-0000483,COMPLETED,REF-LOC-OUT-0000483,ACC-B9007-001,OUTWARD,B9007,2025-11-20 14:09:00,SME-BEN-000097,880100000001,2105.00,2105.00,BUSINESS_SERVICES,Facilities Service Invoice,FTS,AE070330000900000000007,0.00,[]
LOC-OUT-0000484,QUOTE-LOC-OUT-0000484,COMPLETED,REF-LOC-OUT-0000484,ACC-B9007-001,OUTWARD,B9007,2026-01-20 14:09:00,SME-BEN-000097,880100000001,2150.00,2150.00,BUSINESS_SERVICES,Facilities Service Invoice,FTS,AE070330000900000000007,0.00,[]
LOC-OUT-0000485,QUOTE-LOC-OUT-0000485,COMPLETED,REF-LOC-OUT-0000485,ACC-B9007-001,OUTWARD,B9007,2026-03-20 14:09:00,SME-BEN-000097,880100000001,2195.00,2195.00,BUSINESS_SERVICES,Facilities Service Invoice,FTS,AE070330000900000000007,0.00,[]
LOC-OUT-0000486,QUOTE-LOC-OUT-0000486,COMPLETED,REF-LOC-OUT-0000486,ACC-B9007-001,OUTWARD,B9007,2026-05-20 14:09:00,SME-BEN-000097,880100000001,2240.00,2240.00,BUSINESS_SERVICES,Facilities Service Invoice,FTS,AE070330000900000000007,0.00,[]
LOC-OUT-0000489,QUOTE-LOC-OUT-0000489,COMPLETED,REF-LOC-OUT-0000489,ACC-B9008-001,OUTWARD,B9008,2025-11-21 15:16:00,SME-BEN-000098,880100000001,2390.00,2390.00,BUSINESS_SERVICES,Facilities Service Invoice,FTS,AE070330000900000000008,0.00,[]
LOC-OUT-0000490,QUOTE-LOC-OUT-0000490,COMPLETED,REF-LOC-OUT-0000490,ACC-B9008-001,OUTWARD,B9008,2026-01-21 15:16:00,SME-BEN-000098,880100000001,2435.00,2435.00,BUSINESS_SERVICES,Facilities Service Invoice,FTS,AE070330000900000000008,0.00,[]
LOC-OUT-0000492,QUOTE-LOC-OUT-0000492,COMPLETED,REF-LOC-OUT-0000492,ACC-B9009-001,OUTWARD,B9009,2025-11-22 16:23:00,SME-BEN-000099,880100000001,2675.00,2675.00,BUSINESS_SERVICES,Facilities Service Invoice,FTS,AE070330000900000000009,0.00,[]
LOC-OUT-0000493,QUOTE-LOC-OUT-0000493,COMPLETED,REF-LOC-OUT-0000493,ACC-B9009-001,OUTWARD,B9009,2026-01-22 16:23:00,SME-BEN-000099,880100000001,2720.00,2720.00,BUSINESS_SERVICES,Facilities Service Invoice,FTS,AE070330000900000000009,0.00,[]
LOC-OUT-0000494,QUOTE-LOC-OUT-0000494,COMPLETED,REF-LOC-OUT-0000494,ACC-B9009-001,OUTWARD,B9009,2026-03-22 16:23:00,SME-BEN-000099,880100000001,2765.00,2765.00,BUSINESS_SERVICES,Facilities Service Invoice,FTS,AE070330000900000000009,0.00,[]
LOC-OUT-0000497,QUOTE-LOC-OUT-0000497,COMPLETED,REF-LOC-OUT-0000497,ACC-B9010-001,OUTWARD,B9010,2025-11-23 08:30:00,SME-BEN-000100,880100000001,2960.00,2960.00,BUSINESS_SERVICES,Facilities Service Invoice,FTS,AE070330000900000000010,0.00,[]
LOC-OUT-0000498,QUOTE-LOC-OUT-0000498,COMPLETED,REF-LOC-OUT-0000498,ACC-B9010-001,OUTWARD,B9010,2026-01-23 08:30:00,SME-BEN-000100,880100000001,3005.00,3005.00,BUSINESS_SERVICES,Facilities Service Invoice,FTS,AE070330000900000000010,0.00,[]
LOC-OUT-0000499,QUOTE-LOC-OUT-0000499,COMPLETED,REF-LOC-OUT-0000499,ACC-B9010-001,OUTWARD,B9010,2026-03-23 08:30:00,SME-BEN-000100,880100000001,3050.00,3050.00,BUSINESS_SERVICES,Facilities Service Invoice,FTS,AE070330000900000000010,0.00,[]
LOC-OUT-0000500,QUOTE-LOC-OUT-0000500,COMPLETED,REF-LOC-OUT-0000500,ACC-B9010-001,OUTWARD,B9010,2026-05-23 08:30:00,SME-BEN-000100,880100000001,3095.00,3095.00,BUSINESS_SERVICES,Facilities Service Invoice,FTS,AE070330000900000000010,0.00,[]
LOC-OUT-0000502,QUOTE-LOC-OUT-0000502,COMPLETED,REF-LOC-OUT-0000502,ACC-B9011-001,OUTWARD,B9011,2025-11-24 09:37:00,SME-BEN-000101,880100000001,1250.00,1250.00,BUSINESS_SERVICES,Facilities Service Invoice,FTS,AE070330000900000000011,0.00,[]
LOC-OUT-0000503,QUOTE-LOC-OUT-0000503,COMPLETED,REF-LOC-OUT-0000503,ACC-B9011-001,OUTWARD,B9011,2026-01-24 09:37:00,SME-BEN-000101,880100000001,1295.00,1295.00,BUSINESS_SERVICES,Facilities Service Invoice,FTS,AE070330000900000000011,0.00,[]
LOC-OUT-0000504,QUOTE-LOC-OUT-0000504,COMPLETED,REF-LOC-OUT-0000504,ACC-B9011-001,OUTWARD,B9011,2026-03-24 09:37:00,SME-BEN-000101,880100000001,1340.00,1340.00,BUSINESS_SERVICES,Facilities Service Invoice,FTS,AE070330000900000000011,0.00,[]
LOC-OUT-0000505,QUOTE-LOC-OUT-0000505,COMPLETED,REF-LOC-OUT-0000505,ACC-B9011-001,OUTWARD,B9011,2026-05-24 09:37:00,SME-BEN-000101,880100000001,1385.00,1385.00,BUSINESS_SERVICES,Facilities Service Invoice,FTS,AE070330000900000000011,0.00,[]
LOC-OUT-0000508,QUOTE-LOC-OUT-0000508,COMPLETED,REF-LOC-OUT-0000508,ACC-B9012-001,OUTWARD,B9012,2025-11-25 10:44:00,SME-BEN-000102,880100000001,1535.00,1535.00,BUSINESS_SERVICES,Facilities Service Invoice,FTS,AE070330000900000000012,0.00,[]
LOC-OUT-0000509,QUOTE-LOC-OUT-0000509,COMPLETED,REF-LOC-OUT-0000509,ACC-B9012-001,OUTWARD,B9012,2026-01-25 10:44:00,SME-BEN-000102,880100000001,1580.00,1580.00,BUSINESS_SERVICES,Facilities Service Invoice,FTS,AE070330000900000000012,0.00,[]
LOC-OUT-0000511,QUOTE-LOC-OUT-0000511,COMPLETED,REF-LOC-OUT-0000511,ACC-B9013-001,OUTWARD,B9013,2025-11-26 11:51:00,SME-BEN-000103,880100000001,1820.00,1820.00,BUSINESS_SERVICES,Facilities Service Invoice,FTS,AE070330000900000000013,0.00,[]
LOC-OUT-0000512,QUOTE-LOC-OUT-0000512,COMPLETED,REF-LOC-OUT-0000512,ACC-B9013-001,OUTWARD,B9013,2026-01-26 11:51:00,SME-BEN-000103,880100000001,1865.00,1865.00,BUSINESS_SERVICES,Facilities Service Invoice,FTS,AE070330000900000000013,0.00,[]
LOC-OUT-0000513,QUOTE-LOC-OUT-0000513,COMPLETED,REF-LOC-OUT-0000513,ACC-B9013-001,OUTWARD,B9013,2026-03-26 11:51:00,SME-BEN-000103,880100000001,1910.00,1910.00,BUSINESS_SERVICES,Facilities Service Invoice,FTS,AE070330000900000000013,0.00,[]
LOC-OUT-0000516,QUOTE-LOC-OUT-0000516,COMPLETED,REF-LOC-OUT-0000516,ACC-B9014-001,OUTWARD,B9014,2025-11-27 12:58:00,SME-BEN-000104,880100000001,2105.00,2105.00,BUSINESS_SERVICES,Facilities Service Invoice,FTS,AE070330000900000000014,0.00,[]
LOC-OUT-0000517,QUOTE-LOC-OUT-0000517,COMPLETED,REF-LOC-OUT-0000517,ACC-B9014-001,OUTWARD,B9014,2026-01-27 12:58:00,SME-BEN-000104,880100000001,2150.00,2150.00,BUSINESS_SERVICES,Facilities Service Invoice,FTS,AE070330000900000000014,0.00,[]
LOC-OUT-0000518,QUOTE-LOC-OUT-0000518,COMPLETED,REF-LOC-OUT-0000518,ACC-B9014-001,OUTWARD,B9014,2026-03-27 12:58:00,SME-BEN-000104,880100000001,2195.00,2195.00,BUSINESS_SERVICES,Facilities Service Invoice,FTS,AE070330000900000000014,0.00,[]
LOC-OUT-0000519,QUOTE-LOC-OUT-0000519,COMPLETED,REF-LOC-OUT-0000519,ACC-B9014-001,OUTWARD,B9014,2026-05-27 12:58:00,SME-BEN-000104,880100000001,2240.00,2240.00,BUSINESS_SERVICES,Facilities Service Invoice,FTS,AE070330000900000000014,0.00,[]
LOC-OUT-0000521,QUOTE-LOC-OUT-0000521,COMPLETED,REF-LOC-OUT-0000521,ACC-B9015-001,OUTWARD,B9015,2025-11-28 13:05:00,SME-BEN-000105,880100000001,2390.00,2390.00,BUSINESS_SERVICES,Facilities Service Invoice,FTS,AE070330000900000000015,0.00,[]
LOC-OUT-0000522,QUOTE-LOC-OUT-0000522,COMPLETED,REF-LOC-OUT-0000522,ACC-B9015-001,OUTWARD,B9015,2026-01-28 13:05:00,SME-BEN-000105,880100000001,2435.00,2435.00,BUSINESS_SERVICES,Facilities Service Invoice,FTS,AE070330000900000000015,0.00,[]
LOC-OUT-0000523,QUOTE-LOC-OUT-0000523,COMPLETED,REF-LOC-OUT-0000523,ACC-B9015-001,OUTWARD,B9015,2026-03-28 13:05:00,SME-BEN-000105,880100000001,2480.00,2480.00,BUSINESS_SERVICES,Facilities Service Invoice,FTS,AE070330000900000000015,0.00,[]
LOC-OUT-0000524,QUOTE-LOC-OUT-0000524,COMPLETED,REF-LOC-OUT-0000524,ACC-B9015-001,OUTWARD,B9015,2026-05-28 13:05:00,SME-BEN-000105,880100000001,2525.00,2525.00,BUSINESS_SERVICES,Facilities Service Invoice,FTS,AE070330000900000000015,0.00,[]
LOC-OUT-0000527,QUOTE-LOC-OUT-0000527,COMPLETED,REF-LOC-OUT-0000527,ACC-B9016-001,OUTWARD,B9016,2025-11-05 14:12:00,SME-BEN-000106,880100000001,2675.00,2675.00,BUSINESS_SERVICES,Facilities Service Invoice,FTS,AE070330000900000000016,0.00,[]
LOC-OUT-0000528,QUOTE-LOC-OUT-0000528,COMPLETED,REF-LOC-OUT-0000528,ACC-B9016-001,OUTWARD,B9016,2026-01-05 14:12:00,SME-BEN-000106,880100000001,2720.00,2720.00,BUSINESS_SERVICES,Facilities Service Invoice,FTS,AE070330000900000000016,0.00,[]
LOC-OUT-0000530,QUOTE-LOC-OUT-0000530,COMPLETED,REF-LOC-OUT-0000530,ACC-B9017-001,OUTWARD,B9017,2025-11-06 15:19:00,SME-BEN-000107,880100000001,2960.00,2960.00,BUSINESS_SERVICES,Facilities Service Invoice,FTS,AE070330000900000000017,0.00,[]
LOC-OUT-0000531,QUOTE-LOC-OUT-0000531,COMPLETED,REF-LOC-OUT-0000531,ACC-B9017-001,OUTWARD,B9017,2026-01-06 15:19:00,SME-BEN-000107,880100000001,3005.00,3005.00,BUSINESS_SERVICES,Facilities Service Invoice,FTS,AE070330000900000000017,0.00,[]
LOC-OUT-0000532,QUOTE-LOC-OUT-0000532,COMPLETED,REF-LOC-OUT-0000532,ACC-B9017-001,OUTWARD,B9017,2026-03-06 15:19:00,SME-BEN-000107,880100000001,3050.00,3050.00,BUSINESS_SERVICES,Facilities Service Invoice,FTS,AE070330000900000000017,0.00,[]
LOC-OUT-0000535,QUOTE-LOC-OUT-0000535,COMPLETED,REF-LOC-OUT-0000535,ACC-B9018-001,OUTWARD,B9018,2025-11-07 16:26:00,SME-BEN-000108,880100000001,1250.00,1250.00,BUSINESS_SERVICES,Facilities Service Invoice,FTS,AE070330000900000000018,0.00,[]
LOC-OUT-0000536,QUOTE-LOC-OUT-0000536,COMPLETED,REF-LOC-OUT-0000536,ACC-B9018-001,OUTWARD,B9018,2026-01-07 16:26:00,SME-BEN-000108,880100000001,1295.00,1295.00,BUSINESS_SERVICES,Facilities Service Invoice,FTS,AE070330000900000000018,0.00,[]
LOC-OUT-0000537,QUOTE-LOC-OUT-0000537,COMPLETED,REF-LOC-OUT-0000537,ACC-B9018-001,OUTWARD,B9018,2026-03-07 16:26:00,SME-BEN-000108,880100000001,1340.00,1340.00,BUSINESS_SERVICES,Facilities Service Invoice,FTS,AE070330000900000000018,0.00,[]
LOC-OUT-0000538,QUOTE-LOC-OUT-0000538,COMPLETED,REF-LOC-OUT-0000538,ACC-B9018-001,OUTWARD,B9018,2026-05-07 16:26:00,SME-BEN-000108,880100000001,1385.00,1385.00,BUSINESS_SERVICES,Facilities Service Invoice,FTS,AE070330000900000000018,0.00,[]
LOC-OUT-0000540,QUOTE-LOC-OUT-0000540,COMPLETED,REF-LOC-OUT-0000540,ACC-R1002-001,OUTWARD,R1002,2026-07-14 10:10:00,RET-BEN-000109,990200000001,5200.00,5200.00,PERSONAL_TRANSFER,Personal Transfer,FTS,AE070330000100000000002,0.00,[]
LOC-OUT-0000541,QUOTE-LOC-OUT-0000541,COMPLETED,REF-LOC-OUT-0000541,ACC-R1002-001,OUTWARD,R1002,2026-07-14 12:10:00,RET-BEN-000109,990200000001,6800.00,6800.00,PERSONAL_TRANSFER,Personal Transfer,FTS,AE070330000100000000002,0.00,[]
LOC-OUT-0000542,QUOTE-LOC-OUT-0000542,COMPLETED,REF-LOC-OUT-0000542,ACC-R1002-001,OUTWARD,R1002,2026-07-15 14:10:00,RET-BEN-000109,990200000001,5900.00,5900.00,PERSONAL_TRANSFER,Personal Transfer,FTS,AE070330000100000000002,0.00,[]
LOC-OUT-0000543,QUOTE-LOC-OUT-0000543,COMPLETED,REF-LOC-OUT-0000543,ACC-R1002-001,OUTWARD,R1002,2026-07-15 16:10:00,RET-BEN-000109,990200000001,7300.00,7300.00,PERSONAL_TRANSFER,Personal Transfer,FTS,AE070330000100000000002,0.00,[]
LOC-OUT-0000552,QUOTE-LOC-OUT-0000552,COMPLETED,REF-LOC-OUT-0000552,ACC-R1005-001,OUTWARD,R1005,2026-07-15 08:50:00,RET-BEN-000110,990200000001,5700.00,5700.00,PERSONAL_TRANSFER,Personal Transfer,FTS,AE070330000100000000005,0.00,[]
LOC-OUT-0000553,QUOTE-LOC-OUT-0000553,COMPLETED,REF-LOC-OUT-0000553,ACC-R1005-001,OUTWARD,R1005,2026-07-15 12:00:00,RET-BEN-000110,990200000001,6100.00,6100.00,PERSONAL_TRANSFER,Personal Transfer,FTS,AE070330000100000000005,0.00,[]
LOC-OUT-0000554,QUOTE-LOC-OUT-0000554,COMPLETED,REF-LOC-OUT-0000554,ACC-R1005-001,OUTWARD,R1005,2026-07-16 09:35:00,RET-BEN-000110,990200000001,6500.00,6500.00,PERSONAL_TRANSFER,Personal Transfer,FTS,AE070330000100000000005,0.00,[]
LOC-OUT-0000555,QUOTE-LOC-OUT-0000555,COMPLETED,REF-LOC-OUT-0000555,ACC-R1005-001,OUTWARD,R1005,2026-07-16 14:20:00,RET-BEN-000110,990200000001,6900.00,6900.00,PERSONAL_TRANSFER,Personal Transfer,FTS,AE070330000100000000005,0.00,[]
LOC-OUT-0000556,QUOTE-LOC-OUT-0000556,COMPLETED,REF-LOC-OUT-0000556,ACC-R1005-001,OUTWARD,R1005,2026-07-17 10:20:00,RET-BEN-000110,990200000001,7300.00,7300.00,PERSONAL_TRANSFER,Personal Transfer,FTS,AE070330000100000000005,0.00,[]
LOC-OUT-0000569,QUOTE-LOC-OUT-0000569,COMPLETED,REF-LOC-OUT-0000569,ACC-R1006-001,OUTWARD,R1006,2026-07-18 10:30:00,RET-BEN-000111,990200000001,12000.00,12000.00,PERSONAL_TRANSFER,Personal Transfer,FTS,AE070330000100000000006,0.00,[]
LOC-OUT-0000571,QUOTE-LOC-OUT-0000571,COMPLETED,REF-LOC-OUT-0000571,ACC-R1007-001,OUTWARD,R1007,2026-07-19 10:10:00,RET-BEN-000112,990200000001,1200.00,1200.00,PERSONAL_TRANSFER,Personal Transfer,FTS,AE070330000100000000007,0.00,[]
